Date,Open,High,Low,Close,Volume,Dividends,Stock Splits
2021-10-21,2727.39990234375,2728.0,2603.199951171875,2622.5,9612230,0.0,0.0
2021-10-22,2620.0,2664.89990234375,2611.5,2627.39990234375,5086641,0.0,0.0
2021-10-25,2680.0,2680.0,2570.0,2601.800048828125,7934786,0.0,0.0
2021-10-26,2617.10009765625,2668.89990234375,2603.14990234375,2661.050048828125,4498720,0.0,0.0
2021-10-27,2652.0,2676.800048828125,2619.949951171875,2627.39990234375,4565815,0.0,0.0
2021-10-28,2620.0,2637.949951171875,2590.5,2598.60009765625,4562471,0.0,0.0
2021-10-29,2596.14990234375,2596.14990234375,2501.699951171875,2536.25,6568539,0.0,0.0
2021-11-01,2536.25,2556.0,2494.10009765625,2537.800048828125,7144150,0.0,0.0
2021-11-02,2545.0,2548.0,2495.25,2500.800048828125,4874582,0.0,0.0
2021-11-03,2506.050048828125,2520.0,2461.0,2483.60009765625,5530635,0.0,0.0
2021-11-04,2492.949951171875,2504.89990234375,2490.0,2498.85009765625,787160,0.0,0.0
2021-11-08,2519.39990234375,2520.0,2456.39990234375,2501.949951171875,9384733,0.0,0.0
2021-11-09,2505.0,2528.89990234375,2487.050048828125,2521.699951171875,7236552,0.0,0.0
2021-11-10,2516.699951171875,2558.0,2503.64990234375,2549.89990234375,4731328,0.0,0.0
2021-11-11,2540.050048828125,2570.5,2535.550048828125,2554.550048828125,4946305,0.0,0.0
2021-12-03,2498.39990234375,2498.5,2400.0,2408.25,8871172,0.0,0.0
2021-12-06,2416.0,2425.0,2357.14990234375,2362.60009765625,4766974,0.0,0.0
2021-12-07,2376.14990234375,2404.0,2360.0,2381.85009765625,5183409,0.0,0.0
2021-12-08,2424.10009765625,2431.800048828125,2406.300048828125,2418.10009765625,4034341,0.0,0.0
2021-12-09,2435.0,2474.89990234375,2425.0,2456.449951171875,6097126,0.0,0.0
2021-12-10,2440.25,2466.0,2430.35009765625,2458.949951171875,3860176,0.0,0.0
2021-12-13,2473.5,2474.10009765625,2404.0,2411.449951171875,5952396,0.0,0.0
2021-12-14,2380.0,2406.0,2373.39990234375,2380.14990234375,5993389,0.0,0.0
2021-12-15,2384.0,2405.0,2361.10009765625,2373.199951171875,4321697,0.0,0.0
2021-12-16,2405.699951171875,2415.5,2368.64990234375,2403.89990234375,4504519,0.0,0.0
2021-12-17,2398.050048828125,2408.0,2320.0,2340.449951171875,9714489,0.0,0.0
2021-12-23,2374.0,2380.0,2358.050048828125,2365.25,4185594,0.0,0.0
2021-12-24,2370.0,2392.0,2337.550048828125,2372.800048828125,3639616,0.0,0.0
2021-12-27,2361.550048828125,2378.0,2348.10009765625,2370.25,1852732,0.0,0.0
2021-12-28,2375.60009765625,2404.85009765625,2373.050048828125,2398.39990234375,2933055,0.0,0.0
2021-12-29,2391.0,2419.0,2382.10009765625,2402.5,7117041,0.0,0.0
2021-12-30,2400.0,2404.949951171875,2345.60009765625,2359.10009765625,13536180,0.0,0.0
2021-12-31,2373.0,2383.89990234375,2360.0,2368.14990234375,4373768,0.0,0.0
2022-01-19,2530.0,2542.0,2509.0,2521.60009765625,4500486,0.0,0.0
2022-01-20,2500.050048828125,2509.949951171875,2455.0,2477.449951171875,7611477,0.0,0.0
2022-01-21,2452.0,2502.25,2452.0,2477.85009765625,6155759,0.0,0.0
2022-01-24,2475.0,2504.75,2355.10009765625,2377.89990234375,10090314,0.0,0.0
2022-01-25,2349.550048828125,2388.64990234375,2305.0,2373.25,11311456,0.0,0.0
2022-01-27,2336.0,2356.10009765625,2311.050048828125,2338.10009765625,9238200,0.0,0.0
2022-01-28,2365.0,2375.89990234375,2328.39990234375,2335.85009765625,6769154,0.0,0.0
2022-01-31,2360.199951171875,2406.39990234375,2356.199951171875,2386.60009765625,5602820,0.0,0.0
2022-02-01,2408.0,2420.60009765625,2347.10009765625,2378.699951171875,6088821,0.0,0.0
2022-02-03,2392.0,2401.449951171875,2347.199951171875,2352.75,4415710,0.0,0.0
2022-02-04,2341.0,2348.449951171875,2321.10009765625,2331.300048828125,5104761,0.0,0.0
2022-02-07,2342.0,2356.800048828125,2305.0,2317.10009765625,4943289,0.0,0.0
2022-02-08,2330.64990234375,2360.0,2310.0,2356.050048828125,5564589,0.0,0.0
2022-02-09,2371.14990234375,2387.199951171875,2358.0,2383.5,5298451,0.0,0.0
2022-02-10,2395.699951171875,2395.699951171875,2365.10009765625,2381.050048828125,5746696,0.0,0.0
2022-02-11,2373.25,2384.5,2344.10009765625,2376.39990234375,7357863,0.0,0.0
2022-02-14,2340.25,2354.949951171875,2313.0,2338.550048828125,4944759,0.0,0.0
2022-02-15,2351.199951171875,2423.89990234375,2335.699951171875,2417.949951171875,5173323,0.0,0.0
2022-02-16,2430.0,2433.0,2395.949951171875,2412.949951171875,4795130,0.0,0.0
2022-02-17,1105.5725473406733,1121.4701931862114,1100.958586872722,1116.2623291015625,12853252,0.0,0.0
2022-02-18,1116.6735572638147,1122.1554750723071,1105.595411812659,1107.5369873046875,6775458,0.0,0.0
2022-02-21,1101.8721976565464,1113.521408425006,1089.3551505320604,1096.3446044921875,11107193,0.0,0.0
2022-02-22,1074.8735632656853,1094.517332701672,1072.246853908931,1091.3651123046875,13494914,0.0,0.0
2022-02-23,1096.892949213623,1099.382632057145,1081.771908072454,1084.53564453125,7310110,0.0,0.0
2022-02-24,1052.991409674357,1068.934850965678,1024.8507717891239,1030.4925537109375,24846650,0.0,0.0
2022-02-25,1041.6164930677219,1054.3392021395248,1039.8577407594298,1043.3753662109375,14570089,0.0,0.0
2022-02-28,1024.6681305348836,1081.474799880528,1024.6681305348836,1077.9114990234375,21297446,0.0,0.0
2022-03-02,1066.445133467933,1096.8471991296558,1064.046801992361,1095.7279052734375,21471786,0.0,0.0
2022-03-03,1096.3903490265268,1103.1742632236142,1082.7083316309584,1086.4771728515625,10186748,0.0,0.0
2022-03-04,1074.919279861678,1080.0814684121392,1060.0039008697365,1062.37939453125,10805667,0.0,0.0
2022-03-07,1040.976940539197,1056.2351291977702,1015.074765720734,1023.0921630859375,17983310,0.0,0.0
2022-03-08,1010.2779863019115,1026.0386661318942,995.8878765487244,1021.2418823242188,21289374,0.0,0.0
2022-03-09,1021.4704109600883,1081.3149942061316,1020.6251706720651,1075.421875,20414228,0.0,0.0
2022-03-10,1096.3903166288228,1098.674459093969,1078.117176907654,1092.849853515625,17980493,0.0,0.0
2022-03-11,1085.4491980198648,1101.4154783101,1085.4491980198648,1096.001953125,12257423,0.0,0.0
2022-03-14,1090.405935906339,1107.537066217772,1084.5128164457324,1105.0015869140625,8340678,0.0,0.0
2022-03-15,1109.1587116435871,1109.1587116435871,1069.3688600939372,1079.6932373046875,15925769,0.0,0.0
2022-03-16,1088.167464322889,1099.9993787977592,1085.9289972826414,1097.9207763671875,11149828,0.0,0.0
2022-03-17,1111.3514272797765,1140.8854130077184,1103.2883553055435,1133.7132568359375,21422098,0.0,0.0
2022-03-21,1116.4908817859648,1134.7640221448232,1114.2067392411075,1127.1806640625,11999466,0.0,0.0
2022-03-22,1123.8456386475027,1158.039381139047,1120.8763623611185,1156.303466796875,22557065,0.0,0.0
2022-03-23,1152.5804220869475,1171.6986821541798,1152.5804220869475,1159.98095703125,15462187,0.0,0.0
2022-03-24,1146.6415549864084,1180.5154488766732,1146.6415549864084,1178.0028076171875,13168266,0.0,0.0
2022-03-25,1179.7616924170409,1195.065434779435,1177.2490511325275,1185.8603515625,14222488,0.0,0.0
2022-03-28,1192.32449030425,1201.3468716912448,1181.589032177552,1197.78369140625,9891424,0.0,0.0
2022-03-29,1205.1155844365524,1205.1155844365524,1191.1366767294153,1198.0576171875,8684065,0.0,0.0
2022-03-30,1205.9838276782311,1227.9572970530596,1195.568098448871,1221.08203125,15811550,0.0,0.0
2022-03-31,1217.4274321644898,1219.597385918607,1200.8216912880262,1203.631103515625,13223718,0.0,0.0
2022-04-01,1204.2020845793309,1217.5186975999854,1197.8065336156067,1213.2701416015625,7922880,0.0,0.0
2022-04-04,1213.0874817677436,1222.0185122973244,1206.78328178683,1216.8563232421875,7929162,0.0,0.0
2022-04-05,1211.1001668436431,1219.6886298945194,1197.2126090402044,1199.6566162109375,13149870,0.0,0.0
2022-04-06,1181.8632115846942,1203.5168303364353,1181.8632115846942,1196.4588623046875,12257215,0.0,0.0
2022-04-07,1185.5177862357762,1190.497272885423,1172.6808873975315,1175.3533935546875,15496499,0.0,0.0
2022-04-08,1169.4829394682276,1199.1769109058184,1169.4829394682276,1194.905517578125,15152495,0.0,0.0
2022-04-11,1187.7561365890233,1205.3669801293806,1179.990076371114,1192.4158935546875,9254209,0.0,0.0
2022-04-12,1181.8173996563173,1188.9440018326563,1167.3816137327406,1169.9627685546875,13217742,0.0,0.0
2022-04-13,1176.1070229366328,1184.3756354169766,1162.858924394788,1165.66845703125,10354235,0.0,0.0
2022-04-18,1157.148575340456,1169.3915684841897,1152.0320627201922,1162.1051025390625,9974224,0.0,0.0
2022-04-19,1168.5693383167388,1218.8205923006697,1165.3944009006232,1206.394775390625,26141820,0.0,0.0
2022-04-20,1213.8411033760067,1248.9713175668496,1210.1864513522937,1241.8675537109375,25072240,0.0,0.0
2022-04-21,1256.6917412979888,1274.0969239268672,1248.0576029654037,1270.94482421875,21708633,0.0,0.0
2022-04-22,1260.3463347771044,1280.0356589714931,1253.6309344426143,1260.3006591796875,15054154,0.0,0.0
2022-04-25,1252.8087686869983,1260.1179524637025,1216.8334323192007,1231.155029296875,17063215,0.0,0.0
2022-04-26,1238.0074258969112,1276.837969729548,1236.9567662507138,1267.998291015625,12227666,0.0,0.0
2022-04-27,1258.9529883377872,1291.9132486351143,1258.587462723263,1269.231689453125,19338945,0.0,0.0
2022-04-28,1283.6675760306302,1302.4204311461608,1272.772132649719,1288.190185546875,25614076,0.0,0.0
2022-04-29,1304.7731467025958,1304.7731467025958,1268.752133531133,1274.6680908203125,18214862,0.0,0.0
2022-05-02,1261.7624415848888,1281.6344669344742,1259.957893094285,1270.19091796875,9467006,0.0,0.0
2022-05-04,1272.2696341542794,1274.5537765928625,1222.6122832882447,1230.5382080078125,19247660,0.0,0.0
2022-05-05,1244.174514898695,1247.1439120703812,1202.3746973429188,1206.4404296875,17210669,0.0,0.0
2022-05-06,1193.3295050253437,1214.7090684591842,1184.8095559027615,1197.189697265625,19649948,0.0,0.0
2022-05-09,1176.312562358624,1186.4313990691257,1145.2710390876546,1150.4332275390625,18083752,0.0,0.0
2022-05-10,1139.7891087133974,1154.224893475783,1122.8863583311434,1130.4925537109375,19511677,0.0,0.0
2022-05-11,1129.578931172324,1135.1979964297846,1106.4176570044551,1118.9119873046875,16643899,0.0,0.0
2022-05-12,1108.9531078983991,1112.3107476202658,1082.6854103802077,1096.1162109375,20490321,0.0,0.0
2022-05-13,1108.2679385841418,1132.0229967577814,1103.4026412800768,1108.5419921875,19308778,0.0,0.0
2022-05-16,1112.128004041224,1133.3933770518554,1103.996418885784,1108.8160400390625,13437911,0.0,0.0
2022-05-17,1112.4250996768853,1160.3008658238577,1111.008914291324,1155.389892578125,16551828,0.0,0.0
2022-05-18,1160.1865549882743,1174.0512742938924,1145.8421210589095,1159.5926513671875,17276788,0.0,0.0
2022-05-19,1134.7639417959872,1147.7835412963072,1126.5638428485388,1132.8680419921875,14699118,0.0,0.0
2022-05-20,1147.783607958272,1208.0393914427182,1142.9869449255991,1198.9256591796875,21793091,0.0,0.0
2022-05-23,1202.1463372152618,1212.2194992964169,1184.5584509779821,1190.908447265625,15252755,0.0,0.0
2022-05-24,1190.9540534654761,1205.1156645014323,1186.705497653737,1194.9969482421875,13527818,0.0,0.0
2022-05-25,1203.745238550085,1213.6584143035645,1188.4413754806435,1193.2381591796875,12714544,0.0,0.0
2022-05-26,1198.9026925285402,1203.699475880604,1164.0009793047864,1181.863037109375,17882023,0.0,0.0
2022-05-27,1184.5812027866161,1190.108796154797,1160.39210620289,1176.381103515625,16521973,0.0,0.0
2022-05-30,1194.6085702316102,1221.5615239739543,1185.1065955235417,1217.3587646484375,13853398,0.0,0.0
2022-05-31,1206.6687274718395,1223.7541789727848,1194.9282871925982,1202.6715087890625,70620653,0.0,0.0
2022-06-01,1203.4254634054103,1212.9732349640553,1195.1568503574256,1203.06005859375,9776989,0.0,0.0
2022-06-02,1203.2883287237908,1248.263204422123,1203.2883287237908,1244.5400390625,22126569,0.0,0.0
2022-06-03,1253.5397039010566,1287.048074567651,1252.6259501949446,1269.757080078125,23939791,0.0,0.0
2022-06-06,1269.985552620149,1285.517673613419,1257.1028581470161,1264.2979736328125,11093152,0.0,0.0
2022-06-07,1265.3714656251257,1275.0562638211352,1257.2171625563249,1266.6734619140625,12358255,0.0,0.0
2022-06-08,1266.6734244004224,1270.4422655186836,1240.8854401986373,1244.4259033203125,12479250,0.0,0.0
2022-06-09,1238.0074055365444,1280.4924800493743,1238.0074055365444,1278.551025390625,17278305,0.0,0.0
2022-06-10,1266.2851869447563,1274.508124039323,1234.1243689934488,1239.948974609375,18093057,0.0,0.0
2022-06-13,1210.5976028269408,1221.0132096229022,1195.2023893618195,1216.4906005859375,17620803,0.0,0.0
2022-06-14,1210.620380069086,1220.5792304045258,1193.9003334796064,1200.5928955078125,14714312,0.0,0.0
2022-06-15,1195.7735538240995,1204.7959348444308,1180.629675723532,1186.06591796875,11195535,0.0,0.0
2022-06-16,1198.263252337325,1214.731964725186,1166.742012850329,1169.4830322265625,17111475,0.0,0.0
2022-06-17,1169.4830112454863,1199.1083502709462,1167.7014211838505,1183.1878662109375,24457187,0.0,0.0
2022-06-20,1190.040250016785,1195.567964067813,1151.7122606190735,1161.73974609375,12066797,0.0,0.0
2022-06-21,1169.4829224735429,1184.7409883434877,1155.0014625759918,1180.4925537109375,11720049,0.0,0.0
2022-06-22,1168.61502575356,1168.7063769509302,1142.5300296822988,1144.6314697265625,10617206,0.0,0.0
2022-06-23,1148.9484993341132,1153.4939462565972,1116.9475476533491,1126.061279296875,19446323,0.0,0.0
2022-06-24,1132.936783210017,1147.0983948217652,1127.454744304901,1142.09619140625,14240234,0.0,0.0
2022-06-27,1162.6077823265894,1162.6077823265894,1133.644738592181,1138.715576171875,15474529,0.0,0.0
2022-06-28,1133.8960802024349,1157.5826254205356,1133.8960802024349,1154.7274169921875,13572847,0.0,0.0
2022-06-29,1145.3624431238156,1186.3857782029609,1142.5300725593804,1178.6881103515625,19205146,0.0,0.0
2022-06-30,1178.619481785339,1195.0196790944162,1172.223931675006,1185.7689208984375,23112959,0.0,0.0
2022-07-01,1176.2897996268855,1184.1015357824997,1080.4013666583253,1100.36474609375,81997149,0.0,0.0
2022-07-04,1086.7739959811406,1115.577052050198,1080.9037149989122,1102.6488037109375,41857728,0.0,0.0
2022-07-05,1106.897360208046,1126.038456527804,1104.202016602596,1111.579833984375,17647327,0.0,0.0
2022-07-06,1105.5725520123876,1115.5542412022614,1090.9083889368783,1101.8037109375,23943726,0.0,0.0
2022-07-07,1108.2221336923733,1111.5797732814808,1084.969509837668,1090.9539794921875,23301033,0.0,0.0
2022-07-08,1104.613313326111,1104.613313326111,1088.4186541641254,1092.461669921875,19010108,0.0,0.0
2022-07-11,1085.654855583519,1109.5469397737156,1082.6854583050267,1107.30859375,13847467,0.0,0.0
2022-07-12,1098.2175774888256,1114.5264247032646,1098.2175774888256,1105.732421875,10778989,0.0,0.0
2022-07-13,1108.8618794074898,1111.9226280873092,1084.05603991937,1086.134521484375,14224132,0.0,0.0
2022-07-14,1090.9084571807557,1111.8997795163002,1085.860457354083,1095.08837890625,16970315,0.0,0.0
2022-07-15,1103.2427925242473,1103.2427925242473,1088.6699798728641,1097.212646484375,9603210,0.0,0.0
2022-07-18,1105.9837437553965,1107.8110093612281,1092.8726719861108,1106.5548095703125,15160908,0.0,0.0
2022-07-19,1096.5273453757022,1117.8613544563116,1096.5273453757022,1113.3387451171875,16439888,0.0,0.0
2022-07-20,1160.3463533603945,1161.4883641035365,1135.7917327813682,1143.443603515625,23924246,0.0,0.0
2022-07-21,1139.3323227498786,1142.0733421750035,1127.135003810937,1135.814697265625,16523230,0.0,0.0
2022-07-22,1142.0733166707644,1149.519647885798,1139.7891741458102,1143.489501953125,10969995,0.0,0.0
2022-07-25,1127.2034684800046,1127.2034684800046,1097.7608320732331,1105.7095947265625,23110452,0.0,0.0
2022-07-26,1106.029455803504,1116.4451842707813,1101.575359803222,1106.212158203125,11303288,0.0,0.0
2022-07-27,1105.5040660228672,1108.7246791571874,1097.303966652393,1105.1614990234375,8655086,0.0,0.0
2022-07-28,1112.8362192627847,1127.4318694475983,1105.9837916915405,1122.475341796875,12496073,0.0,0.0
2022-07-29,1130.5154502025562,1149.8850463753715,1125.6274359766599,1146.3902587890625,15130683,0.0,0.0
2022-08-01,1150.8214299555013,1182.1599643564234,1145.5450526925335,1176.266845703125,15700044,0.0,0.0
2022-08-02,1175.1933435933545,1191.3193666955792,1170.1910199308022,1180.7437744140625,13917913,0.0,0.0
2022-08-03,1187.756220396863,1192.3245056514904,1172.8865159355626,1190.6571044921875,14250977,0.0,0.0
2022-08-04,1192.3243712278706,1195.8648341932765,1158.0622356809067,1174.919189453125,14467127,0.0,0.0
2022-08-05,1176.7922390518186,1178.0712765976916,1154.3847337642264,1157.6053466796875,13942438,0.0,0.0
2022-08-08,1156.2348803420678,1180.2412740858922,1156.2348803420678,1172.749267578125,10165178,0.0,0.0
2022-08-10,1177.2034018093864,1183.1421964909127,1168.1353451870384,1179.76171875,10724688,0.0,0.0
2022-08-11,1189.1723475578433,1192.278771712202,1178.7109434195304,1183.6904296875,8198226,0.0,0.0
2022-08-12,1183.3249197105126,1206.6460598118545,1179.6247127043816,1202.83154296875,12650587,0.0,0.0
2022-08-16,1208.8617101328987,1213.9325477572347,1200.2276922424733,1211.1915283203125,6607378,0.0,0.0
2022-08-17,1217.4501633559391,1222.886405749029,1213.133094028372,1217.5186767578125,6595965,0.0,0.0
2022-08-18,1219.1308431407494,1223.2556660585276,1210.0561114924558,1219.7266845703125,7410035,0.0,0.0
2022-08-19,1214.547517275345,1219.9098470851989,1193.9001289854964,1197.979248046875,9460724,0.0,0.0
2022-08-22,1199.4229818081733,1205.9768732003308,1185.2150443055014,1194.6563720703125,9471680,0.0,0.0
2022-08-23,1188.8816500056364,1216.0141936887906,1187.6670549206476,1213.0809326171875,9678484,0.0,0.0
2022-08-24,1210.0102388759242,1223.7139850665083,1207.8332053117829,1209.8497314453125,10369622,0.0,0.0
2022-08-25,1214.066375696288,1220.4598815412169,1201.9896457854827,1206.32080078125,7871946,0.0,0.0
2022-08-26,1206.7560105770235,1214.5475305502569,1194.8397893299764,1199.8812255859375,10742038,0.0,0.0
2022-08-29,1184.7566583910777,1216.8391091462286,1181.5713619970995,1190.554443359375,19838975,0.0,0.0
2022-08-30,1198.0479633404393,1212.3704619638545,1180.9067653713694,1209.024658203125,23139054,0.0,0.0
2022-09-01,1183.6797327019556,1193.9002008248963,1169.0363393296598,1173.4820556640625,19909939,0.0,0.0
2022-09-02,1173.4820664694669,1180.3339395479504,1157.578374439265,1159.7783203125,12999345,0.0,0.0
2022-09-05,1160.007418090633,1183.152613267758,1160.007418090633,1177.790283203125,11327815,0.0,0.0
2022-09-06,1179.2569945077344,1194.381547322973,1178.7986269685039,1190.1878662109375,10899618,0.0,0.0
2022-09-07,1180.1735645194212,1189.2941205007858,1177.8819693667544,1183.2672119140625,7488501,0.0,0.0
2022-09-08,1186.246185676337,1190.7148139862836,1178.3402255766878,1184.93994140625,7057077,0.0,0.0
2022-09-09,1196.2146902235793,1196.2146902235793,1175.131967038779,1177.5611572265625,8314850,0.0,0.0
2022-09-12,1178.1339594994238,1197.1314195730788,1178.1339594994238,1190.73779296875,7435419,0.0,0.0
2022-09-13,1199.8812973738873,1205.243627563175,1192.0898981636706,1200.683349609375,8888657,0.0,0.0
2022-09-14,1180.1734350135887,1196.2145993219858,1179.1422597382566,1186.2919921875,8678219,0.0,0.0
2022-09-15,1183.8401091308515,1193.2585249490623,1171.809204596027,1174.5362548828125,10365600,0.0,0.0
2022-09-16,1165.851005842832,1170.0905112150654,1141.6746357685297,1145.432861328125,20217708,0.0,0.0
2022-09-19,1145.4329424103823,1156.2034277254472,1137.2519123914522,1146.9224853515625,7580254,0.0,0.0
2022-09-20,1156.0887946120808,1163.0782625830732,1143.3703996112527,1147.105712890625,8411448,0.0,0.0
2022-09-21,1144.3101386731619,1160.9242344812671,1143.5080864000993,1150.268310546875,9207309,0.0,0.0
2022-09-22,1139.3830083821167,1147.174407042077,1133.0124155770613,1139.4288330078125,10308170,0.0,0.0
2022-09-23,1138.9247661746108,1143.9432900811485,1116.512887254655,1118.0711669921875,9528051,0.0,0.0
2022-09-26,1097.2405955370475,1108.1257637609822,1088.5784068177602,1089.586669921875,12479523,0.0,0.0
2022-09-27,1097.2176047922692,1111.8839101447593,1081.6806315191177,1098.2489013671875,16154822,0.0,0.0
2022-09-28,1081.79518852817,1089.8845687516468,1066.5560753973682,1069.008056640625,16997059,0.0,0.0
2022-09-29,1081.6347700818835,1085.0721019368389,1060.0936802894325,1065.7310791015625,14671827,0.0,0.0
2022-09-30,1059.1771101258157,1100.8841889640387,1059.1771101258157,1089.77001953125,18613024,0.0,0.0
2022-10-03,1096.0718857741501,1107.7360720763115,1083.0098058550202,1085.9888916015625,11852723,0.0,0.0
2022-10-04,1098.9592506464485,1108.2172796798002,1095.4530606754843,1106.017333984375,8948850,0.0,0.0
2022-10-06,1113.2588187066735,1122.883444582741,1108.28599835404,1110.0963134765625,13352162,0.0,0.0
2022-10-07,1106.6818973872244,1120.0877821926324,1106.6818973872244,1114.794189453125,7714340,0.0,0.0
2022-10-10,1102.2591362524915,1108.0340090016343,1094.4677374871164,1102.6258544921875,6329527,0.0,0.0
2022-10-11,1106.383978832154,1106.383978832154,1077.5556816482654,1080.6722412109375,9215177,0.0,0.0
2022-10-12,1077.9682225076774,1091.5803188699474,1073.8891033241994,1088.6241455078125,7417103,0.0,0.0
2022-10-13,1086.8596167505027,1097.2175580819248,1081.6805854702077,1092.08447265625,7328492,0.0,0.0
2022-10-14,1106.842402401571,1107.4611561285692,1085.8055030587066,1086.538818359375,9106089,0.0,0.0
2022-10-17,1079.343167648829,1106.3839397308118,1074.1183117345415,1103.977783203125,16729355,0.0,0.0
2022-10-18,1110.0506561830466,1128.8417857528536,1109.2027792744873,1123.45654296875,12415820,0.0,0.0
2022-10-19,1124.9459717728541,1158.5637907456658,1119.0794497261325,1143.0037841796875,19247142,0.0,0.0
2022-10-20,1138.9248517273975,1154.5076502732582,1138.9248517273975,1146.0745849609375,8717053,0.0,0.0
2022-10-21,1149.328560508879,1153.4993289396746,1130.675027825281,1132.783203125,8243452,0.0,0.0
2022-10-24,1127.466687927406,1146.9453061847062,1125.3126880195434,1136.5643310546875,3370033,0.0,0.0
2022-10-25,1145.3412339203949,1145.3412339203949,1117.3837254397367,1119.0107421875,12233241,0.0,0.0
2022-10-27,1126.5501164869822,1131.3396387492933,1115.0004917159831,1123.41064453125,12513059,0.0,0.0
2022-10-28,1129.7583016394149,1161.8407536345453,1127.2146711343125,1157.78466796875,17609592,0.0,0.0
2022-10-31,1164.5907025113656,1173.73417030913,1160.5574079774485,1168.5322265625,12419943,0.0,0.0
2022-11-01,1191.6314123081297,1191.6314123081297,1149.466090273219,1159.4803466796875,13963166,0.0,0.0
2022-11-02,1160.6032441848488,1168.8071859857873,1152.6743713766593,1166.7218017578125,8981896,0.0,0.0
2022-11-03,1159.480478014994,1173.0925751230764,1157.2805321080048,1171.075927734375,6693449,0.0,0.0
2022-11-04,1170.5029386439226,1191.6314862106915,1169.219727852498,1188.3087158203125,12575815,0.0,0.0
2022-11-07,1187.5066393072761,1196.3522469303784,1179.7152405470758,1194.6563720703125,11789748,0.0,0.0
2022-11-09,1196.3522802029581,1201.6916979178834,1187.0712171428536,1193.46484375,11254205,0.0,0.0
2022-11-10,1187.048354481427,1190.0503526288535,1174.6737648559092,1179.02783203125,5966242,0.0,0.0
2022-11-11,1191.631520300409,1208.131053614602,1186.1317162720698,1206.2061767578125,12310132,0.0,0.0
2022-11-14,1205.7248788906377,1210.8809981278312,1193.9918344945936,1200.362548828125,9043112,0.0,0.0
2022-11-15,1201.85208009541,1203.7311322774233,1187.048300859644,1194.977294921875,7086433,0.0,0.0
2022-11-16,1196.2146248596603,1198.9416749788477,1183.0838088290016,1188.1253662109375,9716161,0.0,0.0
2022-11-17,1184.7338034111838,1197.5896724023316,1182.46512064804,1191.1961669921875,6661451,0.0,0.0
2022-11-18,1194.7250904323355,1195.7563869660585,1178.3860656031213,1190.554443359375,5303197,0.0,0.0
2022-11-21,1186.1316551090897,1186.1316551090897,1165.5531247706042,1169.1280517578125,6390268,0.0,0.0
2022-11-22,1166.423867249805,1177.1943511777015,1162.5281680351934,1175.6131591796875,6611488,0.0,0.0
2022-11-23,1180.1735093697805,1181.5026660158019,1169.7467094821798,1171.9466552734375,6413408,0.0,0.0
2022-11-24,1176.048738121383,1188.881695182707,1167.8906206096285,1182.052734375,9389439,0.0,0.0
2022-11-25,1186.589972548595,1203.0435584626207,1183.4274673303253,1199.6978759765625,7349922,0.0,0.0
2022-11-28,1195.7105612872263,1247.1111224052154,1146.7161566971913,1240.923828125,31527484,0.0,0.0
2022-11-29,1239.2739155387835,1251.9693991169331,1234.713637416888,1243.0550537109375,11058913,0.0,0.0
2022-11-30,1243.1926328973345,1258.2942730770744,1236.6386197398801,1251.8319091796875,26164986,0.0,0.0
2022-12-01,1256.621346374702,1262.6711675458318,1244.796773049701,1248.1424560546875,9485801,0.0,0.0
2022-12-02,1251.213073743623,1259.4628401319972,1237.7384512683063,1247.615234375,11589592,0.0,0.0
2022-12-05,1242.9632810037526,1245.1403144295887,1227.3804835565434,1229.419921875,14828536,0.0,0.0
2022-12-06,1221.4682452969935,1236.0886056642994,1219.5890717739412,1232.9720458984375,8594245,0.0,0.0
2022-12-07,1230.5887762843192,1235.171966579139,1210.9497707145547,1214.7767333984375,8462111,0.0,0.0
2022-12-08,1219.1308538803946,1221.4224491280545,1210.010297520957,1214.203857421875,7757008,0.0,0.0
2022-12-09,1212.714200459747,1219.130739287579,1192.479354498011,1195.80224609375,12655763,0.0,0.0
2022-12-12,1184.9859610992187,1202.1728635770146,1184.7567167308982,1197.635498046875,9479842,0.0,0.0
2022-12-13,1197.63549905969,1206.7560547555115,1194.7022379594414,1203.089599609375,8333348,0.0,0.0
2022-12-14,1208.8872041855739,1209.4830455477284,1196.673001792663,1198.7354736328125,7268947,0.0,0.0
2022-12-15,1192.7773280655917,1198.5062549944987,1178.340267333074,1181.7088623046875,8688551,0.0,0.0
2022-12-16,1178.3402490896397,1200.2479359101073,1172.450814829652,1175.865234375,15837349,0.0,0.0
2022-12-19,1182.9234289584863,1193.4647900311825,1176.3694164498822,1191.3106689453125,7729933,0.0,0.0
2022-12-20,1184.2527235171408,1203.547923828457,1176.0487810765753,1201.623046875,7467588,0.0,0.0
2022-12-21,1201.2562440096137,1206.756047926871,1180.6777130256276,1184.527587890625,8527550,0.0,0.0
2022-12-22,1190.71481612068,1193.7626386035686,1176.3923174365239,1181.456787109375,7451122,0.0,0.0
2022-12-23,1174.8111943599192,1187.2775540025889,1142.247583492427,1146.807861328125,10257115,0.0,0.0
2022-12-26,1152.5598469360827,1165.0489979342706,1142.3163452044564,1156.8221435546875,5990242,0.0,0.0
2022-12-27,1159.5491875728774,1168.1655512498644,1152.7889638080726,1166.2864990234375,5763271,0.0,0.0
2022-12-28,1163.2158234648991,1168.6239785073883,1155.653547085744,1166.1719970703125,7459393,0.0,0.0
2022-12-29,1158.1741490242443,1168.211318146737,1157.4866584016988,1165.644775390625,6930648,0.0,0.0
2022-12-30,1166.4698125367283,1181.0901725672647,1164.636584915218,1167.4322509765625,7289476,0.0,0.0
2023-01-02,1168.7155413951168,1182.006865479474,1167.890576871922,1180.5860595703125,5316175,0.0,0.0
2023-01-03,1175.6132315922005,1179.2568955973827,1167.7072711151588,1171.9466552734375,7658932,0.0,0.0
2023-01-04,1171.9237491084905,1173.780010205778,1152.2160073672667,1154.3013916015625,9264891,0.0,0.0
2023-01-05,1156.5701686896753,1162.4825159401614,1147.6329108672364,1152.239013671875,13637099,0.0,0.0
2023-01-06,1158.0137961533028,1167.7760177993446,1154.1868336075447,1162.7115478515625,6349597,0.0,0.0
2023-01-09,1166.5613550025143,1192.5481603325027,1165.6676535881122,1190.164794921875,10722753,0.0,0.0
2023-01-10,1194.3814682477307,1194.3814682477307,1166.8823272148813,1172.5654296875,8047142,0.0,0.0
2023-01-11,1169.8613969406213,1172.3821151320517,1155.470039371194,1157.78466796875,11509553,0.0,0.0
2023-01-12,1157.1888175579406,1160.6948864390893,1129.7582928272088,1132.783203125,17688773,0.0,0.0
2023-01-13,1126.7334798203121,1133.379142369728,1115.8255204472603,1130.9500732421875,20618583,0.0,0.0
2023-01-16,1133.2873470155082,1136.4726433721778,1112.3420989573833,1120.179443359375,13623855,0.0,0.0
2023-01-17,1126.5500319312011,1138.0080065855818,1123.1585247743378,1136.0831298828125,10751000,0.0,0.0
2023-01-18,1133.6542059937956,1141.7205532932778,1127.6272972199556,1134.2041015625,13448286,0.0,0.0
2023-01-19,1133.379133383367,1137.1602715521187,1125.9314186223132,1132.9896240234375,11940054,0.0,0.0
2023-01-20,1134.3415861827705,1134.3415861827705,1117.040120878316,1119.5150146484375,14930286,0.0,0.0
2023-01-23,1122.4252743528841,1130.3083225769092,1111.4255453120863,1113.8546142578125,10954118,0.0,0.0
2023-01-24,1118.3003523721982,1119.973193767497,1094.1698061809661,1107.27783203125,16488755,0.0,0.0
2023-01-25,1105.6737157348025,1106.7048910921467,1090.8011993917125,1091.9698486328125,12385018,0.0,0.0
2023-01-27,1092.817786064837,1094.1697337425892,1059.474915791439,1071.2537841796875,25830975,0.0,0.0
2023-01-30,1068.664394571223,1087.088804600051,1054.5939303654334,1081.520263671875,21772103,0.0,0.0
2023-01-31,1091.717732743555,1094.3073089468612,1072.9266059520432,1078.8160400390625,22691594,0.0,0.0
2023-02-01,1090.7782802892427,1090.7782802892427,1056.4271453359777,1072.422607421875,19347800,0.0,0.0
2023-02-02,1062.3852733070487,1076.1348431598142,1059.177064587237,1066.4873046875,13662663,0.0,0.0
2023-02-03,1076.5932602066225,1076.5932602066225,1050.9273468082845,1067.4268798828125,24699575,0.0,0.0
2023-02-06,1061.0103174930114,1063.7602800211087,1056.7938456763231,1059.38330078125,14837879,0.0,0.0
2023-02-07,1059.6353865773144,1066.6934697036866,1050.9272533069554,1056.839599609375,15135435,0.0,0.0
2023-02-08,1060.093710721351,1081.588976505019,1057.3438694042813,1077.9453125,21160332,0.0,0.0
2023-02-09,1078.6327793113203,1086.6074765525984,1069.718434775689,1079.8243408203125,13172763,0.0,0.0
2023-02-10,1079.2974338522342,1079.2974338522342,1063.897812566571,1070.93310546875,10790445,0.0,0.0
2023-02-13,1072.5600642690633,1077.0516050808442,1060.3458615319694,1064.83740234375,10352493,0.0,0.0
2023-02-14,1067.8623457367958,1091.6719982566156,1064.974909235553,1089.930419921875,14321920,0.0,0.0
2023-02-15,1088.9678390041,1117.0171177005811,1087.5929789519903,1114.61083984375,33503591,0.0,0.0
2023-02-16,1122.631545268288,1129.208470731056,1111.448517118838,1113.7401123046875,17264487,0.0,0.0
2023-02-17,1109.133938364863,1121.7377716919275,1104.825696049732,1118.3919677734375,11809520,0.0,0.0
2023-02-20,1120.5919006448164,1122.7689340908057,1104.5965601857347,1106.5673828125,8836937,0.0,0.0
2023-02-21,1110.9672987239808,1121.4168897733282,1105.627759786796,1115.5963134765625,13311592,0.0,0.0
2023-02-22,1111.8609999506527,1113.7171398223675,1088.532506453579,1090.2969970703125,11024335,0.0,0.0
2023-02-23,1089.8845780570418,1097.5614154720001,1082.2535652696852,1085.0721435546875,9851910,0.0,0.0
2023-02-24,1087.1346181952451,1098.2030842261706,1085.3013906282733,1092.4969482421875,9434053,0.0,0.0
2023-02-27,1091.717819898285,1095.2240101015127,1077.8307754283262,1085.2325439453125,11199715,0.0,0.0
2023-02-28,1079.8472903100997,1084.8430233363044,1060.3917051116362,1064.470703125,21994038,0.0,0.0
2023-03-01,1074.3015619281543,1074.989052509317,1064.7913765797048,1074.2557373046875,11551145,0.0,0.0
2023-03-02,1071.093474543068,1077.8078737030087,1064.0352694390695,1066.0748291015625,9333535,0.0,0.0
2023-03-03,1076.6620279277167,1096.9656118416422,1073.178871193431,1093.276123046875,14643807,0.0,0.0
2023-03-06,1099.96760718037,1111.2422843673862,1099.96760718037,1103.9549560546875,10171916,0.0,0.0
2023-03-08,1103.954876091951,1108.6756611476815,1093.0927425824505,1107.91943359375,15782657,0.0,0.0
2023-03-09,1107.3007350502105,1107.713156702434,1079.3890511036197,1081.291015625,16235128,0.0,0.0
2023-03-10,1073.1560364397071,1074.3017734811567,1061.0333602497922,1064.53955078125,13334091,0.0,0.0
2023-03-13,1067.4268481947054,1074.301633233475,1042.6775493176322,1047.0316162109375,12771592,0.0,0.0
2023-03-14,1044.9691769993278,1056.404240108183,1039.9506528647596,1043.113037109375,16027522,0.0,0.0
2023-03-15,1046.848428529058,1053.356496015565,1020.8616195268391,1025.284423828125,21728555,0.0,0.0
2023-03-16,1028.011417314579,1033.0528538597043,1009.3119380271019,1020.174072265625,18363159,0.0,0.0
2023-03-17,1028.8134157047268,1032.1132737236858,1014.124258968127,1018.8908081054688,34014213,0.0,0.0
2023-03-20,1015.1784426798026,1017.4700377683855,999.1372164451357,1008.8765258789062,19524589,0.0,0.0
2023-03-21,1016.9886585344154,1042.2192355857244,1016.0949571461871,1040.2484130859375,21400360,0.0,0.0
2023-03-22,1047.2607635333445,1050.21693692809,1040.3859783357793,1043.410888671875,10920094,0.0,0.0
2023-03-23,1039.4693329479808,1040.3401220744431,1028.0342702801966,1030.2113037109375,16249370,0.0,0.0
2023-03-24,1029.042562610501,1031.2195961032824,1007.3869710951456,1009.8160400390625,12375945,0.0,0.0
2023-03-27,1016.3241960797575,1033.0527910081307,1008.3952628701555,1025.513427734375,14054323,0.0,0.0
2023-03-28,1028.927997237986,1034.1986779828205,1025.2614209073392,1030.302978515625,12576424,0.0,0.0
2023-03-29,1026.1780990171535,1028.8364124844704,1013.3910269147096,1024.2073974609375,18804065,0.0,0.0
2023-03-31,1033.5112474403347,1074.0496790283871,1033.3737735504117,1068.366455078125,28171201,0.0,0.0
2023-04-03,1074.7601334085755,1076.5933611535606,1061.010440404444,1068.5498046875,10293043,0.0,0.0
2023-04-05,1076.1348852790402,1076.1348852790402,1058.0542814385333,1065.983154296875,16262928,0.0,0.0
2023-04-06,1062.4540986713062,1078.8848954151513,1062.4540986713062,1073.1329345703125,18435046,0.0,0.0
2023-04-10,1077.0516136991828,1077.234912208272,1064.0123251151065,1065.5247802734375,12961408,0.0,0.0
2023-04-11,1069.7185321848658,1072.9267412239772,1065.1582540929578,1070.7955322265625,10542367,0.0,0.0
2023-04-12,1070.795450186044,1085.2095986717054,1067.908135009568,1075.5162353515625,18179087,0.0,0.0
2023-04-13,1078.4265294959243,1084.2930519234303,1073.385092860318,1079.5723876953125,12378208,0.0,0.0
2023-04-17,1111.4025973314378,1111.4025973314378,1076.6161296232112,1085.0491943359375,17929479,0.0,0.0
2023-04-18,1089.4261767156875,1089.4261767156875,1066.0518592606056,1072.6287841796875,10405576,0.0,0.0
2023-04-19,1072.0330024650548,1080.6722785012348,1068.8935304804768,1077.96826171875,12273475,0.0,0.0
2023-04-20,1078.930699694429,1081.1764701886825,1068.847705399231,1075.2412109375,7007330,0.0,0.0
2023-04-21,1077.3494893088182,1082.093065674926,1070.8183887658017,1076.59326171875,7647317,0.0,0.0
2023-04-24,1088.5095382132533,1091.2135547837872,1076.1348285306533,1080.7181396484375,12936186,0.0,0.0
2023-04-25,1084.3846203456042,1091.0761068370036,1077.2807122181785,1088.99072265625,9236126,0.0,0.0
2023-04-26,1090.3428646820537,1093.5970195080386,1078.9078012347554,1082.5972900390625,8617834,0.0,0.0
2023-04-27,1088.509570607269,1092.6343931381125,1083.4680130880868,1089.4490966796875,9167125,0.0,0.0
2023-04-28,1091.7177678227733,1110.921438081387,1091.6032062577365,1109.363037109375,15565210,0.0,0.0
2023-05-02,1116.5587580773163,1120.958649716804,1112.8463570833217,1118.7816162109375,12981805,0.0,0.0
2023-05-03,1120.5919606156895,1120.5919606156895,1105.948688312864,1109.1798095703125,7061872,0.0,0.0
2023-05-04,1109.6610666585334,1124.1897770911949,1106.6590686073505,1121.9669189453125,8635233,0.0,0.0
2023-05-05,1118.75873227531,1128.0854990100452,1116.4671371419286,1119.1024169921875,8746585,0.0,0.0
2023-05-08,1122.883607031309,1138.306141188911,1120.2025024279549,1132.9208984375,9153782,0.0,0.0
2023-05-09,1134.3414956439876,1139.7497715225165,1128.9562533083829,1136.4268798828125,6464721,0.0,0.0
2023-05-10,1141.2164226215416,1145.7308758867846,1137.18312795373,1144.2413330078125,10872255,0.0,0.0
2023-05-11,1145.3182560121031,1150.1534813506003,1135.0518427485713,1136.7706298828125,10557860,0.0,0.0
2023-05-12,1131.9582566592853,1140.0247246584067,1125.8626113395205,1138.6268310546875,6955341,0.0,0.0
2023-05-15,1141.170661994074,1147.8849402539147,1133.4937027978535,1140.8726806640625,6833343,0.0,0.0
2023-05-16,1143.049654293992,1145.6161971769827,1122.9522815131972,1124.625244140625,8717229,0.0,0.0
2023-05-17,1128.8416254760998,1129.7582392014917,1113.258828456941,1117.9794921875,8798967,0.0,0.0
2023-05-18,1122.677395195577,1126.0919363508979,1112.4109806432973,1115.573486328125,10525531,0.0,0.0
2023-05-19,1115.5734611130783,1121.0274406829346,1108.6069050669037,1119.194091796875,8050447,0.0,0.0
2023-05-22,1116.00879019594,1130.2167287764828,1114.7943162780748,1125.1751708984375,7434906,0.0,0.0
2023-05-23,1127.7646591838109,1131.1332541245263,1123.5480662004748,1124.9688720703125,6092034,0.0,0.0
2023-05-24,1121.0044934210875,1129.3000847067574,1115.2983573351414,1118.4149169921875,8112254,0.0,0.0
2023-05-25,1115.5047120501324,1122.425322161984,1107.3236821696307,1118.2774658203125,11487863,0.0,0.0
2023-05-26,1126.550105143105,1149.9244234487512,1123.2273347076036,1148.7786865234375,12626260,0.0,0.0
2023-05-29,1155.424265314273,1159.5492093307969,1149.0994966306168,1155.240966796875,10010304,0.0,0.0
2023-05-30,1155.2408532255517,1163.0781975947891,1152.3763292561057,1154.9429931640625,11342504,0.0,0.0
2023-05-31,1145.7995439719668,1150.3139969659119,1127.9250304984787,1132.0040283203125,27107927,0.0,0.0
2023-06-01,1136.7018718012143,1138.8789051474243,1126.5500202896324,1128.9561767578125,14592692,0.0,0.0
2023-06-02,1132.508226805784,1137.9392935709284,1123.3418468895768,1125.2667236328125,15800644,0.0,0.0
2023-06-05,1130.7667002528126,1138.3518884662321,1126.7563179342822,1135.372802734375,10908682,0.0,0.0
2023-06-06,1138.2143784509424,1140.1621675342958,1128.3834200937229,1136.335205078125,7493309,0.0,0.0
2023-06-07,1139.8414873574645,1145.799659114034,1133.2416495492241,1144.9517822265625,10312545,0.0,0.0
2023-06-08,1148.5495091108025,1153.5223301261628,1141.6747234706256,1145.63916015625,12071109,0.0,0.0
2023-06-09,1149.0077425106983,1149.7181454299607,1135.7164190871351,1137.52685546875,5877018,0.0,0.0
2023-06-12,1134.5707198955656,1140.8496635852962,1129.7582854890468,1138.53515625,6391969,0.0,0.0
2023-06-13,1143.5081050554063,1156.5472737061696,1139.4977223954843,1155.3555908203125,11248016,0.0,0.0
2023-06-14,1155.4241543414826,1171.007072636391,1153.5909268852188,1169.5633544921875,13277380,0.0,0.0
2023-06-15,1169.540471418876,1174.4674673281584,1162.0698450738732,1169.88427734375,11813494,0.0,0.0
2023-06-16,1173.3903900662972,1183.565154648271,1173.3903900662972,1181.2735595703125,24171579,0.0,0.0
2023-06-19,1184.2984822350734,1184.2984822350734,1165.3469677097826,1169.54052734375,6798554,0.0,0.0
2023-06-20,1167.5927463145983,1175.1319887825873,1161.8407855913522,1171.9696044921875,6921096,0.0,0.0
2023-06-21,1171.9237273658862,1177.813161711121,1167.7989048303969,1175.26953125,6961603,0.0,0.0
2023-06-22,1171.4654483785869,1179.3943208422334,1160.465719875912,1162.06982421875,7619166,0.0,0.0
2023-06-23,1159.0449690703254,1161.1074409929802,1151.2993947399736,1152.559814453125,6628570,0.0,0.0
2023-06-26,1149.0077781140742,1152.857652893267,1140.6205379277071,1143.760009765625,12641159,0.0,0.0
2023-06-27,1144.2184320506567,1150.1535700821155,1139.6810664262143,1144.172607421875,9689466,0.0,0.0
2023-06-28,1151.7577923411968,1163.147030997109,1144.8141488097256,1159.320068359375,11354006,0.0,0.0
2023-06-30,1167.0657094335256,1171.7634615125367,1161.1304498521908,1168.8302001953125,11151555,0.0,0.0
2023-07-03,1172.4051275666359,1201.7147071937477,1171.1676200643255,1198.8272705078125,12154387,0.0,0.0
2023-07-04,1203.0895579356743,1203.0895579356743,1179.371434501982,1186.4754638671875,8061643,0.0,0.0
2023-07-05,1195.7564400923563,1195.7564400923563,1180.5402391428015,1184.527587890625,10248062,0.0,0.0
2023-07-06,1180.6548305467759,1212.0038470194174,1180.6548305467759,1209.3914794921875,19117987,0.0,0.0
2023-07-07,1207.6727939512346,1221.3994521703457,1204.464463843499,1207.0311279296875,13375267,0.0,0.0
2023-07-10,1232.3761279794887,1263.1294232871096,1226.0055349528075,1253.527587890625,33240016,0.0,0.0
2023-07-11,1261.7085449049966,1269.5457680130983,1254.696286269897,1267.11669921875,20069348,0.0,0.0
2023-07-12,1267.8500701216137,1284.212128884572,1265.718861293945,1268.5146484375,18733835,0.0,0.0
2023-07-13,1275.9165681293327,1282.8371779828115,1254.535984865038,1257.1712646484375,14682934,0.0,0.0
2023-07-14,1260.379484062722,1265.375217134004,1248.9673332187003,1256.1171875,15124144,0.0,0.0
2023-07-17,1259.0046043501054,1290.1932337077706,1250.2964703895977,1281.7830810546875,22220040,0.0,0.0
2023-07-18,1291.0868987604547,1300.4594895542746,1280.0871700514763,1292.6680908203125,25867313,0.0,0.0
2023-07-19,1297.0451292402618,1308.9614722453714,1281.9205773427532,1302.4761962890625,39122156,0.0,0.0
2023-07-20,1281.111171787359,1306.4106104107345,1281.111171787359,1300.89892578125,38717624,0.0,0.0
2023-07-21,1295.511139544098,1298.4407636179003,1253.105419037273,1260.628173828125,30249238,0.0,0.0
2023-07-24,1231.9522253270634,1248.8102333463848,1226.1425595139197,1235.130126953125,23727866,0.0,0.0
2023-07-25,1238.4074176398622,1243.9688060153449,1231.4556518632148,1234.335693359375,12026020,0.0,0.0
2023-07-26,1233.9384545652665,1264.7248465906373,1233.9384545652665,1254.396484375,12911012,0.0,0.0
2023-07-27,1258.2944552480367,1260.0819794212514,1236.5950392165305,1242.7274169921875,17226898,0.0,0.0
2023-07-28,1247.370231972764,1262.6641406548117,1241.6598530436584,1255.2158203125,20827852,0.0,0.0
2023-07-31,1255.2158191620024,1268.1509718279565,1250.299855003079,1265.842041015625,8551174,0.0,0.0
2023-08-01,1268.6971713900832,1270.6833900537076,1244.0184287403833,1247.941162109375,9536632,0.0,0.0
2023-08-02,1245.9549662344152,1247.3453435702158,1223.3121457924572,1234.6087646484375,12748214,0.0,0.0
2023-08-03,1229.1218176653272,1241.833544673933,1220.5562494770325,1229.419677734375,10168350,0.0,0.0
2023-08-04,1240.790943076704,1249.331659908142,1227.2846791073166,1246.12890625,22885610,0.0,0.0
2023-08-07,1251.814384886759,1255.488841134543,1243.8695097744273,1253.2296142578125,5982870,0.0,0.0
2023-08-08,1255.2902665873837,1258.4930201182456,1241.1633097871697,1245.681884765625,9844072,0.0,0.0
2023-08-09,1243.795086951167,1255.7868344468004,1232.0019128435704,1253.89990234375,11486586,0.0,0.0
2023-08-10,1253.77570520906,1266.2144240915582,1245.5825530531736,1259.486083984375,15470598,0.0,0.0
2023-08-11,1257.4998648454127,1270.6089810278029,1247.5191885964646,1264.7991943359375,22179330,0.0,0.0
2023-08-14,1260.75238812112,1282.253230959174,1253.8006222945364,1279.74560546875,9575812,0.0,0.0
2023-08-16,1266.7110115422968,1282.5014748971257,1266.7110115422968,1278.7027587890625,10203112,0.0,0.0
2023-08-17,1274.7056499895286,1280.1677518229112,1257.6986510992238,1260.255859375,13673744,0.0,0.0
2023-08-18,1256.9040677896994,1279.9194263226734,1245.6323004942694,1269.591064453125,18639978,0.0,0.0
2023-08-21,1265.6792722383425,1273.403057784055,1253.5703454061634,1255.738037109375,9221746,0.0,0.0
2023-08-22,1254.1931930195988,1264.6826161104336,1245.2735154216373,1255.43896484375,7713044,0.0,0.0
2023-08-23,1257.83096812215,1267.1244996417786,1254.21822955338,1256.8343505859375,9517952,0.0,0.0
2023-08-24,1265.6543373767377,1265.6543373767377,1231.3209133840314,1235.7060546875,14140020,0.0,0.0
2023-08-25,1223.8463263728836,1248.263455848564,1217.1690375873975,1230.00048828125,22222400,0.0,0.0
2023-08-28,1231.8191648017903,1237.798869485294,1211.438386668476,1217.741943359375,12580826,0.0,0.0
2023-08-29,1221.8780285188975,1222.5756121252018,1200.0022007952118,1206.0816650390625,16876644,0.0,0.0
2023-08-30,1211.8869298921998,1217.3683263678636,1203.4156807934467,1204.935546875,12168946,0.0,0.0
2023-08-31,1207.4021394711388,1208.3987570026875,1195.8911583187871,1199.42919921875,21638600,0.0,0.0
2023-09-01,1199.2048965822742,1208.7225203155078,1196.7631108147625,1202.2445068359375,18112842,0.0,0.0
2023-09-04,1202.2445048372767,1207.7259008493393,1198.5820086782048,1201.2728271484375,9347626,0.0,0.0
2023-09-05,1205.9072116575028,1212.858594599831,1202.1449561491547,1207.701171875,8675876,0.0,0.0
2023-09-06,1206.4553581511952,1213.9548074808367,1204.5368208088998,1210.242431640625,8200370,0.0,0.0
2023-09-07,1206.754236529765,1215.0012704071246,1201.422357408624,1211.8868408203125,13652572,0.0,0.0
2023-09-08,1215.8733651866949,1223.8463052862799,1207.3771765615925,1219.95947265625,23109288,0.0,0.0
2023-09-11,1221.8530418720986,1234.236062839516,1221.8530418720986,1233.1148681640625,13271074,0.0,0.0
2023-09-12,1237.3005747017125,1237.3005747017125,1213.8551246595125,1215.30029296875,16255666,0.0,0.0
2023-09-13,1215.8733028663476,1227.159946953354,1209.0215578194573,1221.379638671875,12803338,0.0,0.0
2023-09-14,1225.8394987141144,1228.729713733621,1218.3648676243943,1222.5008544921875,9209636,0.0,0.0
2023-09-15,1229.8259735378333,1229.8259735378333,1220.6072618237126,1224.7681884765625,25468592,0.0,0.0
2023-09-18,1215.8983303400107,1221.354787003095,1211.9118602069937,1214.1043701171875,7516300,0.0,0.0
2023-09-20,1207.4270434892683,1209.694372637889,1173.5171086509097,1187.046142578125,57081884,0.0,0.0
2023-09-21,1183.458297657559,1191.0077479349486,1176.0086064524028,1178.4005126953125,12226182,0.0,0.0
2023-09-22,1183.9816112068631,1187.1956783704497,1171.0255834748014,1173.4921875,19176786,0.0,0.0
2023-09-25,1171.2248715084886,1176.3574761147186,1163.600844736979,1166.2667236328125,14254884,0.0,0.0
2023-09-26,1165.3199128423328,1171.1251609235717,1163.8499264102609,1167.2882080078125,10087782,0.0,0.0
2023-09-27,1167.786609346333,1181.8887719515524,1165.2950654817153,1180.443603515625,11722778,0.0,0.0
2023-09-28,1187.4697890502082,1187.4697890502082,1158.5678806301862,1163.1025390625,14518346,0.0,0.0
2023-09-29,1166.9394938956318,1180.5433475545983,1163.1025407244908,1168.5340576171875,12342014,0.0,0.0
2023-10-03,1161.0344867242761,1163.8500042507808,1154.0831037597964,1155.1544189453125,8859056,0.0,0.0
2023-10-04,1150.5948914404187,1155.5779788871073,1143.6684485524847,1153.1611328125,10286386,0.0,0.0
2023-10-05,1155.7025939953498,1160.7603792567368,1150.5949291948962,1153.1363525390625,10953682,0.0,0.0
2023-10-06,1154.60634292099,1158.468235831833,1152.1147991075431,1155.0797119140625,5431026,0.0,0.0
2023-10-09,1150.1464267559231,1152.0648423692783,1143.6185337391562,1145.238037109375,7576878,0.0,0.0
2023-10-10,1149.3741002215268,1155.0298316802025,1147.978811355353,1150.2958984375,10236032,0.0,0.0
2023-10-11,1153.3106635291579,1170.876046988333,1152.5881401722484,1168.5589599609375,9814118,0.0,0.0
2023-10-12,1167.9610461833179,1175.6848320320562,1165.1205889001094,1170.7265625,12554450,0.0,0.0
2023-10-13,1166.0424621570608,1174.7628651860132,1160.635763616147,1170.6767578125,10150316,0.0,0.0
2023-10-16,1168.5340379341021,1173.2929109062115,1164.0492591104744,1168.0606689453125,5929036,0.0,0.0
2023-10-17,1174.0154552081121,1175.8591733147746,1166.690340663721,1173.6417236328125,7928180,0.0,0.0
2023-10-18,1173.6417291217745,1179.4968571621866,1156.5746537699347,1158.069580078125,8918320,0.0,0.0
2023-10-19,1152.089837486595,1156.9732875998106,1146.6084412009752,1149.1746826171875,12032556,0.0,0.0
2023-10-20,1146.1101723946424,1153.435286991073,1144.2664542748817,1145.6617431640625,8913312,0.0,0.0
2023-10-23,1141.127037701022,1149.2245548899484,1123.8108086354716,1127.7723388671875,7853962,0.0,0.0
2023-10-25,1121.2196594250643,1136.7419287697721,1117.7065583053281,1125.15625,11620688,0.0,0.0
2023-10-26,1121.6929387491577,1125.1810998203457,1106.394885239857,1109.484375,15222534,0.0,0.0
2023-10-27,1116.2116030474801,1132.9049462180562,1114.193428272988,1129.0679931640625,11771084,0.0,0.0
2023-10-30,1133.1541023015204,1158.5678486592062,1131.1359275239868,1152.3389892578125,16813304,0.0,0.0
2023-10-31,1160.062796398939,1160.062796398939,1137.5890225995513,1140.08056640625,12808438,0.0,0.0
2023-11-01,1140.7034060109795,1154.8305074839402,1133.752023404208,1144.814453125,10309190,0.0,0.0
2023-11-02,1153.061473724664,1158.2190177980203,1150.0716213128414,1156.1759033203125,10562104,0.0,0.0
2023-11-03,1159.6640733559236,1163.5259660841282,1153.958462624445,1155.9267578125,8850156,0.0,0.0
2023-11-06,1162.2055450931427,1166.042498213045,1158.8669007331605,1165.544189453125,10647304,0.0,0.0
2023-11-07,1163.0775131044059,1165.5939965170132,1155.8520365348347,1157.9698486328125,6960204,0.0,0.0
2023-11-08,1162.0560341376731,1166.5408130001256,1156.9483693221023,1163.9993896484375,7884494,0.0,0.0
2023-11-09,1163.9745453088372,1163.9993634204725,1148.203000336806,1151.3673095703125,14513610,0.0,0.0
2023-11-10,1148.8757981483514,1154.2575571449777,1145.138482408668,1153.534912109375,7734954,0.0,0.0
2023-11-13,1157.521363405594,1158.3685856187403,1151.9403296565872,1153.385498046875,3854810,0.0,0.0
2023-11-15,1166.0424694563903,1176.9803221354077,1159.5644557371882,1174.2396240234375,12220648,0.0,0.0
2023-11-16,1171.573730950445,1183.0596501175335,1169.5056766785162,1176.357421875,13134910,0.0,0.0
2023-11-17,1172.4705465839068,1182.6111777677033,1172.0470571634735,1173.7911376953125,7758634,0.0,0.0
2023-11-20,1170.3029888419037,1175.2112568239902,1164.2484647951942,1170.70166015625,4490186,0.0,0.0
2023-11-21,1178.9985015354105,1189.9612940264415,1176.1082864562932,1185.4266357421875,8214450,0.0,0.0
2023-11-22,1183.4832620242737,1193.1753427228437,1182.0879732154583,1190.0609130859375,8534814,0.0,0.0
2023-11-23,1190.0609301987408,1195.9409977692549,1190.0609301987408,1193.6986083984375,8531542,0.0,0.0
2023-11-24,1191.755232340062,1197.2366284850898,1191.4811382013293,1192.9012451171875,6749486,0.0,0.0
2023-11-28,1192.901236256622,1195.7914512612867,1183.60782697909,1193.150390625,13792174,0.0,0.0
2023-11-29,1199.9274731378698,1201.895768374035,1194.9693253938858,1196.289794921875,12531306,0.0,0.0
2023-11-30,1193.2999274144302,1196.2897798846666,1180.9418462059707,1184.7041015625,28439984,0.0,0.0
2023-12-01,1184.9782507548393,1194.1470834265622,1184.7789759105292,1193.1007080078125,14342842,0.0,0.0
2023-12-04,1220.8564613085723,1220.8564613085723,1195.2434397220431,1206.0068359375,15590990,0.0,0.0
2023-12-05,1215.3750832246371,1216.2970031069408,1206.729377450582,1214.752197265625,12693624,0.0,0.0
2023-12-06,1219.4113729147537,1232.2925809190049,1213.381788465167,1226.3876953125,16422442,0.0,0.0
2023-12-07,1225.8394932789167,1226.3128622476854,1216.8699360110222,1224.3695068359375,8142096,0.0,0.0
2023-12-08,1227.7580291162037,1234.1612233859294,1218.364860770004,1223.7216796875,10204894,0.0,0.0
2023-12-11,1223.8462420898877,1229.6266720265642,1222.0522819971522,1225.515625,7066138,0.0,0.0
2023-12-12,1225.8394673573903,1228.3060712224215,1205.9818159406923,1207.92529296875,9197124,0.0,0.0
2023-12-13,1206.903755459549,1215.0511519349654,1199.0803326561356,1212.8585205078125,10031182,0.0,0.0
2023-12-14,1222.8496854998207,1233.289229591819,1217.1938324642308,1227.907470703125,16972354,0.0,0.0
2023-12-15,1234.8090631774007,1245.7718555058523,1230.8475330083736,1243.579345703125,15932152,0.0,0.0
2023-12-18,1243.5793348465209,1263.1627709181807,1241.2621262210648,1256.236328125,14165188,0.0,0.0
2023-12-19,1273.1788270599538,1282.5968135560647,1258.3292023189276,1274.7236328125,16820604,0.0,0.0
2023-12-20,1281.1767303428394,1295.0297378629468,1255.7380444365613,1259.3009033203125,17736722,0.0,0.0
2023-12-21,1259.2262610152907,1282.397618806035,1254.8660592804733,1276.941162109375,13765454,0.0,0.0
2023-12-22,1275.471131279396,1286.0850103793666,1269.5162443624122,1278.1868896484375,16541784,0.0,0.0
2023-12-26,1279.6568896463184,1291.5913600605638,1277.0158288992886,1284.6649169921875,7465664,0.0,0.0
2023-12-27,1286.6332027084852,1295.5528807412925,1282.1983034612615,1289.050048828125,9204156,0.0,0.0
2023-12-28,1290.5200452678605,1301.5824753594177,1289.0500587638487,1298.368408203125,12302636,0.0,0.0
2023-12-29,1301.1339959219,1302.5790426007668,1285.2877537041506,1288.1031494140625,10864584,0.0,0.0
2024-01-01,1285.910692065635,1299.0162367557261,1282.2231342554576,1290.7442626953125,4030540,0.0,0.0
2024-01-02,1288.1281636412468,1303.0774266622284,1282.148458432854,1301.4329833984375,7448800,0.0,0.0
2024-01-03,1300.5858250252782,1312.545234910568,1284.241273850567,1287.281005859375,9037536,0.0,0.0
2024-01-04,1289.6230276428519,1300.511122346772,1285.1881284905055,1293.933349609375,9612778,0.0,0.0
2024-01-05,1297.0477909447786,1305.4942215456497,1294.6061267435991,1299.439697265625,8086406,0.0,0.0
2024-01-08,1300.5858388723832,1311.5236916149431,1280.1302403318166,1289.2991943359375,7734652,0.0,0.0
2024-01-09,1295.60276290932,1298.991286774565,1284.241298964633,1285.8857421875,5403074,0.0,0.0
2024-01-10,1284.1416956169662,1325.0030146082704,1283.170017850485,1320.568115234375,11102740,0.0,0.0
2024-01-11,1325.0029743810333,1357.8913520828567,1324.0063568749174,1355.3001708984375,23725852,0.0,0.0
2024-01-12,1355.3001651813313,1368.6796821500511,1341.1980031977973,1366.0885009765625,15012164,0.0,0.0
2024-01-15,1370.3491134322044,1391.726510938781,1361.37955559883,1389.409423828125,8610594,0.0,0.0
2024-01-16,1385.273396211656,1391.5770749435692,1365.864294576788,1369.975341796875,9069024,0.0,0.0
2024-01-17,1354.9014277988692,1381.5858844431966,1350.4415890267092,1356.9693603515625,12197382,0.0,0.0
2024-01-18,1346.8289291583083,1366.3626080491183,1346.6794122001247,1363.3228759765625,10279438,0.0,0.0
2024-01-19,1371.3457134567918,1371.3457134567918,1354.4032155434447,1362.8245849609375,10422704,0.0,0.0
2024-01-23,1367.1100641823,1367.1100641823,1318.076531538343,1324.0810546875,20055420,0.0,0.0
2024-01-24,1330.708579978037,1344.935319152724,1319.4468751981772,1339.329345703125,21919128,0.0,0.0
2024-01-25,1338.4074168042384,1359.5357807014761,1330.6836312147743,1348.4981689453125,11808872,0.0,0.0
2024-01-29,1359.8845391743644,1447.5868766220333,1355.5742172752682,1443.1519775390625,23893438,0.0,0.0
2024-01-30,1455.0116072188218,1455.0365469867197,1399.6745202625193,1402.8636474609375,14093978,0.0,0.0
2024-01-31,1399.250967578091,1429.3986469009094,1397.7560413306783,1421.7994384765625,15130226,0.0,0.0
2024-02-01,1430.1460723803827,1438.4678039404528,1413.253454892232,1421.8243408203125,13349362,0.0,0.0
2024-02-02,1428.3273401464805,1469.9111811748812,1428.3273401464805,1452.769287109375,19652588,0.0,0.0
2024-02-05,1455.8089607806528,1465.5259810562725,1426.6828397218792,1434.157470703125,8814432,0.0,0.0
2024-02-06,1436.9728613121172,1436.9728613121172,1415.0223374097375,1422.970458984375,9047984,0.0,0.0
2024-02-07,1431.0680529608824,1444.5970870552653,1424.4155823896087,1437.27197265625,9296568,0.0,0.0
2024-02-08,1445.095393514029,1454.5383201160262,1422.6964392460436,1445.219970703125,14694634,0.0,0.0
2024-02-09,1449.0817920816041,1466.995966658422,1446.0420601546468,1455.8089599609375,12556798,0.0,0.0
2024-02-12,1455.808989123147,1456.0581434940393,1437.4712030939993,1447.4373779296875,6674430,0.0,0.0
2024-02-13,1450.576783360977,1473.9972948065167,1449.081857098496,1460.144287109375,7715594,0.0,0.0
2024-02-14,1452.570014858978,1478.6315869699197,1452.570014858978,1476.3642578125,7117888,0.0,0.0
2024-02-15,1478.3324829492838,1479.7028319549202,1461.5644428705468,1465.6256103515625,10006782,0.0,0.0
2024-02-16,1471.4807636857656,1472.0040121921968,1453.616468421208,1455.634521484375,9767498,0.0,0.0
2024-02-19,1457.1046299766977,1474.495556276236,1448.608441659238,1469.01416015625,6729828,0.0,0.0
2024-02-20,1470.0357864990758,1470.5091554911164,1456.855544086153,1466.04931640625,7117496,0.0,0.0
2024-02-21,1469.0142126210908,1483.4901063137138,1452.619903212402,1462.7354736328125,12720292,0.0,0.0
2024-02-22,1463.1839419725131,1479.927042234461,1453.0682504652966,1476.7379150390625,18493728,0.0,0.0
2024-02-23,1484.4617068831596,1492.4845261002738,1478.3324851717987,1488.57275390625,14438584,0.0,0.0
2024-02-26,1488.4981086163489,1489.4697863426854,1477.4854366314444,1482.2940673828125,7513106,0.0,0.0
2024-02-27,1478.0086350232018,1494.8763125629423,1473.0504874842213,1480.624755859375,10826044,0.0,0.0
2024-02-28,1477.983696983013,1486.2307308172146,1445.2697774372984,1450.7012939453125,8647950,0.0,0.0
2024-02-29,1460.044631538696,1473.9723367128477,1449.605087600302,1455.85888671875,23628976,0.0,0.0
2024-03-01,1458.549705043274,1494.926243638477,1457.553087547515,1487.077880859375,12132926,0.0,0.0
2024-03-04,1485.4334693922297,1507.3341149979008,1482.1944624618202,1502.30126953125,10024420,0.0,0.0
2024-03-05,1500.6817037023463,1502.3012071002497,1481.0234483269724,1495.12548828125,7107668,0.0,0.0
2024-03-06,1488.398391683718,1503.8958428358128,1473.4990083716032,1497.9161376953125,7805676,0.0,0.0
2024-03-07,1497.8911856694801,1498.015762858888,1470.5590233078656,1473.922607421875,8315726,0.0,0.0
2024-03-11,1483.9634158613337,1483.9634158613337,1458.5496703244203,1461.63916015625,11277130,0.0,0.0
2024-03-12,1461.6392256628503,1482.9668648517434,1460.0696017370103,1470.4344482421875,9432678,0.0,0.0
2024-03-13,1474.769656206196,1478.0833606651493,1422.9455472318687,1427.3306884765625,13522134,0.0,0.0
2024-03-14,1434.8302115061215,1443.625434216477,1420.6782912211108,1426.633056640625,18571102,0.0,0.0
2024-03-15,1421.1267024475223,1428.377119229181,1408.120916820004,1413.4278564453125,19223818,0.0,0.0
2024-03-18,1415.1968554751415,1436.8483464149253,1411.733633980725,1434.60595703125,9169392,0.0,0.0
2024-03-19,1423.9172383622733,1432.737278814348,1412.4561372310984,1420.4290771484375,8275764,0.0,0.0
2024-03-20,1423.1198505777713,1440.1122269007035,1419.2082000493178,1438.866455078125,8488806,0.0,0.0
2024-03-21,1447.61182235093,1452.9686412795918,1439.7883995028772,1446.0670166015625,13006936,0.0,0.0
2024-03-22,1445.0704265469687,1455.0615412559098,1442.4543056251903,1450.1033935546875,19527608,0.0,0.0
2024-03-26,1440.1123162075712,1447.4873101860683,1434.1326110883704,1436.6988525390625,11415906,0.0,0.0
2024-03-27,1443.102144360484,1494.926254517076,1442.1055268574726,1487.8004150390625,16326644,0.0,0.0
2024-03-28,1487.8253589895007,1500.856084215032,1473.6484993008032,1480.8240966796875,21854364,0.0,0.0
2024-04-01,1487.4267138842959,1488.9216401693752,1477.4854784200013,1479.7528076171875,5013880,0.0,0.0
2024-04-02,1478.9803152327697,1488.9464898637184,1470.010758064916,1481.9202880859375,8910166,0.0,0.0
2024-04-03,1477.0618586176802,1479.4288252217937,1463.9314958187817,1466.622314453125,7008292,0.0,0.0
2024-04-04,1474.7447251116087,1474.7447251116087,1445.095354899025,1457.9766845703125,14490272,0.0,0.0
2024-04-05,1455.9335356774968,1465.8250126567757,1451.075025547316,1455.1611328125,7442298,0.0,0.0
2024-04-08,1458.0264067780952,1485.9316957072076,1456.058111622612,1480.9486083984375,8357118,0.0,0.0
2024-04-09,1483.9634478797345,1484.7607905375294,1457.5530843009483,1458.69921875,7071414,0.0,0.0
2024-04-10,1461.3900701830325,1481.9702462188995,1461.3900701830325,1474.5703125,9138330,0.0,0.0
2024-04-12,1470.882841217157,1481.4469623023954,1458.126088654758,1462.1873779296875,15551012,0.0,0.0
2024-04-15,1456.0581040790023,1477.1116478494807,1441.4326942405721,1459.8701171875,12902062,0.0,0.0
2024-04-16,1448.434032810999,1466.1988129087342,1446.0173083453908,1460.7921142578125,9366184,0.0,0.0
2024-04-18,1458.5496654231706,1480.9735584686243,1454.413678596639,1459.371826171875,19005692,0.0,0.0
2024-04-19,1451.8475240790594,1469.0142366720518,1438.1440330653274,1465.15234375,15741778,0.0,0.0
2024-04-22,1467.4693666335522,1477.8092730369624,1462.8351926557814,1474.8443603515625,10350362,0.0,0.0
2024-04-23,1473.99729204779,1488.4482458913958,1450.626660184371,1454.3887939453125,14605554,0.0,0.0
2024-04-24,1458.5496543975278,1463.5826212393129,1444.5970099413846,1445.269775390625,10462776,0.0,0.0
2024-04-25,1437.620754482712,1463.009561153273,1436.6241369752715,1455.03662109375,15943926,0.0,0.0
2024-04-26,1458.998183328187,1460.0446803968975,1445.0954174576802,1447.6368408203125,9413848,0.0,0.0
2024-04-29,1445.095377780333,1462.9348553961377,1445.095377780333,1460.069580078125,7247974,0.0,0.0
2024-04-30,1463.034459275946,1478.0584191099754,1457.926794695708,1462.037841796875,11474262,0.0,0.0
2024-05-02,1467.0209943783816,1472.3279340272813,1459.1726313819618,1461.5894775390625,14512646,0.0,0.0
2024-05-03,1466.0243846941194,1469.9609752694557,1411.3599375772862,1429.1495361328125,17226958,0.0,0.0
2024-05-06,1430.6444513077029,1435.1292301519277,1413.2036446912732,1414.7235107421875,7394208,0.0,0.0
2024-05-07,1411.1854509298719,1415.944323859933,1387.2915705177031,1396.7344970703125,14517472,0.0,0.0
2024-05-08,1392.7729836046894,1428.1030260106236,1392.7729836046894,1413.7518310546875,9439002,0.0,0.0
2024-05-09,1408.2205798397852,1418.9342183629824,1385.2983764878284,1389.409423828125,11009612,0.0,0.0
2024-05-10,1392.0254882725596,1405.230670101528,1383.3797828272338,1402.6644287109375,10505096,0.0,0.0
2024-05-13,1395.164866252728,1402.2158864208184,1379.3186236295483,1397.955322265625,8456620,0.0,0.0
2024-05-14,1396.236115307523,1422.2478065630996,1395.289377387814,1415.271484375,7188300,0.0,0.0
2024-05-15,1415.6951817447234,1425.1381083791202,1408.2454901427022,1411.4844970703125,5046534,0.0,0.0
2024-05-16,1413.7517607219268,1422.6714384154043,1393.2961628188336,1420.5286865234375,14711774,0.0,0.0
2024-05-17,1418.2366354759024,1432.3386763063274,1408.4697349449302,1430.84375,10916476,0.0,0.0
2024-05-21,1420.7779102690051,1436.9480051777675,1420.7779102690051,1431.267333984375,11176128,0.0,0.0
2024-05-22,1431.4167994426434,1463.806867633702,1431.4167994426434,1455.7093505859375,10281604,0.0,0.0
2024-05-23,1453.6164571204579,1487.177477372599,1450.0784164448637,1481.0234375,14608260,0.0,0.0
2024-05-24,1478.6066260264545,1483.4651362981733,1471.107055070422,1475.2430419921875,7094776,0.0,0.0
2024-05-27,1475.2181104653632,1479.8773459277495,1456.6063516995487,1461.2904052734375,6629010,0.0,0.0
2024-05-28,1463.0344266458997,1473.4989099427537,1447.83601042904,1451.2742919921875,7820162,0.0,0.0
2024-05-29,1441.6072222176565,1453.0683235349763,1433.5844026325685,1435.901611328125,7383556,0.0,0.0
2024-05-30,1430.6443960271654,1435.5278460225502,1415.2964624662736,1420.0303955078125,13206858,0.0,0.0
2024-05-31,1426.4586255573156,1437.371538130288,1417.4391888409098,1425.5616455078125,31069832,0.0,0.0
2024-06-03,1477.9837834980603,1509.3772354064818,1454.064962996406,1505.21630859375,21527942,0.0,0.0
2024-06-04,1492.9828563818792,1492.9828563818792,1354.702181790911,1392.5487060546875,36709098,0.0,0.0
2024-06-05,1417.190107832571,1426.3091824359717,1379.4182796425412,1415.9443359375,17464890,0.0,0.0
2024-06-06,1430.146092142623,1438.8166156062389,1416.5422391297848,1426.757568359375,17855722,0.0,0.0
2024-06-07,1423.6680382466784,1467.0208976542601,1421.6748033313872,1464.977783203125,18558696,0.0,0.0
2024-06-10,1464.9778053029827,1488.2986784951756,1463.1091475417077,1466.4229736328125,9251760,0.0,0.0
2024-06-11,1464.0310643972782,1468.690299735569,1449.7545677930582,1451.747802734375,11774902,0.0,0.0
2024-06-12,1452.5699959074234,1471.0074195261454,1450.2529088993854,1458.375244140625,10081742,0.0,0.0
2024-06-13,1467.0209915116875,1467.2701458920392,1455.161218675457,1460.2938232421875,9181160,0.0,0.0
2024-06-14,1465.0277352531252,1474.6700582960718,1452.2959222700385,1472.55224609375,8157998,0.0,0.0
2024-06-18,1482.319060149225,1482.3689396887319,1466.3731796559373,1476.0155029296875,7196766,0.0,0.0
2024-06-19,1482.4685779731483,1482.4685779731483,1451.075125733717,1453.7161865234375,8725874,0.0,0.0
2024-06-20,1454.0649808863911,1477.8342847208717,1445.195060509748,1468.7152099609375,16113776,0.0,0.0
2024-06-21,1468.6404716382522,1469.7117867937704,1435.702214416364,1449.2811279296875,31170360,0.0,0.0
2024-06-24,1440.6354704479982,1444.597000498706,1432.6375910430422,1436.59912109375,8878386,0.0,0.0
2024-06-25,1438.1190140825563,1451.0003435889125,1436.1257791358028,1449.2313232421875,7045386,0.0,0.0
2024-06-26,1441.1587595379178,1513.837016470209,1440.2368397034465,1508.90380859375,22014882,0.0,0.0
2024-06-27,1508.6297025641345,1532.299367591978,1500.905917133996,1525.3729248046875,28383030,0.0,0.0
2024-06-28,1525.846375016777,1575.6523116431479,1525.846375016777,1560.1051025390625,28957336,0.0,0.0
2024-07-01,1557.2397692752247,1574.0576894338947,1550.41296379415,1554.872802734375,7724306,0.0,0.0
2024-07-02,1564.191181441398,1568.1776514801143,1551.7334625704086,1559.880859375,7749246,0.0,0.0
2024-07-03,1561.026835932207,1569.6725412908515,1537.556567118779,1547.1739501953125,9049620,0.0,0.0
2024-07-04,1551.7334674566494,1562.1979513412318,1545.5544875401463,1548.7685546875,6837176,0.0,0.0
2024-07-05,1548.5691274238031,1593.0930625872904,1542.763879189944,1583.25146484375,12269710,0.0,0.0
2024-07-08,1583.6252127309062,1603.3582879590508,1577.172138728573,1595.4849853515625,9500806,0.0,0.0
2024-07-09,1592.1960483401444,1595.0862633393444,1575.1539139068004,1584.8958740234375,6960002,0.0,0.0
2024-07-10,1589.6049108909244,1592.0964546384023,1557.8626678795374,1578.8663330078125,7134578,0.0,0.0
2024-07-11,1582.130272301782,1598.8236153323678,1565.1877748976055,1575.303466796875,11940946,0.0,0.0
2024-07-12,1579.1404717419714,1599.7206480087468,1569.174296470643,1591.3240966796875,12924784,0.0,0.0
2024-07-15,1599.0229249170825,1600.4182137709945,1580.1370716514475,1591.8223876953125,5329688,0.0,0.0
2024-07-16,1588.1099868423498,1594.588000594766,1563.817435270789,1570.9183349609375,9386838,0.0,0.0
2024-07-18,1570.6691650942505,1588.5086425064346,1552.5555935406855,1581.30810546875,12298374,0.0,0.0
2024-07-19,1580.635396865678,1584.5969272016237,1547.547743652262,1549.8897705078125,13140390,0.0,0.0
2024-07-22,1532.0502350219995,1532.2993893942587,1494.203710207304,1495.5989990234375,19674376,0.0,0.0
2024-07-23,1495.9228522857354,1500.656785362589,1458.0513876709067,1482.8671875,18052044,0.0,0.0
2024-07-24,1479.9769884762422,1504.3941172423486,1471.4061023020706,1490.6407470703125,11913362,0.0,0.0
2024-07-25,1475.9904652814091,1495.399566075759,1472.0786930693387,1487.3519287109375,12519876,0.0,0.0
2024-07-26,1487.3520101091112,1507.3093002642313,1485.3088955316166,1503.9207763671875,9859940,0.0,0.0
2024-07-29,1506.8357949187157,1522.3332458553632,1506.661459848989,1514.958251953125,7538550,0.0,0.0
2024-07-30,1511.8936309498918,1519.8416308848414,1504.8923689417118,1508.03173828125,8228208,0.0,0.0
2024-07-31,1498.9126572012258,1505.3407911439474,1496.072321776707,1500.3328857421875,10057346,0.0,0.0
2024-08-01,1506.88567410313,1512.8653791590948,1499.2117679442729,1510.174560546875,10764222,0.0,0.0
2024-08-02,1499.9092706922956,1504.219592524845,1488.2239553567551,1494.25341796875,10268248,0.0,0.0
2024-08-05,1474.9938455626734,1478.8806780007048,1428.401979157231,1442.4293212890625,17046704,0.0,0.0
2024-08-06,1450.2280198935075,1472.5023973081068,1446.415884855267,1451.125,10236186,0.0,0.0
2024-08-07,1464.0310437317278,1467.5192048297954,1456.5564128072976,1459.8701171875,8174568,0.0,0.0
2024-08-08,1452.5950003162839,1460.0446920757677,1441.0342612156307,1444.223388671875,12387192,0.0,0.0
2024-08-09,1455.0615534748763,1471.505742264147,1451.075083465356,1469.313232421875,6249776,0.0,0.0
2024-08-12,1465.027737383665,1468.0175899089377,1452.8191729054677,1455.6844482421875,8184584,0.0,0.0
2024-08-13,1455.809041038811,1465.1024507415398,1453.0683428612606,1458.67431640625,6265064,0.0,0.0
2024-08-14,1458.5995961882188,1467.020965431434,1448.782816450946,1456.9052734375,6267466,0.0,0.0
2024-08-16,1463.682326968092,1475.392582683191,1453.1182057182932,1473.199951171875,9416902,0.0,0.0
2024-08-19,1482.5,1498.300048828125,1480.5,1488.4000244140625,13797742,0.0,0.0
2024-08-20,1497.2249755859375,1503.925048828125,1490.0250244140625,1495.949951171875,8411808,0.0,0.0
2024-08-21,1493.25,1507.875,1490.0,1498.675048828125,7769996,0.0,0.0
2024-08-22,1503.0,1506.5,1490.6500244140625,1498.125,10445782,0.0,0.0
2024-08-23,1503.75,1511.324951171875,1498.425048828125,1499.9749755859375,9249654,0.0,0.0
2024-08-26,1506.9749755859375,1523.0,1503.0,1512.5999755859375,8816114,0.0,0.0
2024-08-27,1510.5,1513.4749755859375,1499.449951171875,1500.449951171875,6251156,0.0,0.0
2024-08-28,1505.0,1507.4749755859375,1493.0,1498.300048828125,9610286,0.0,0.0
2024-08-29,1503.0999755859375,1537.0,1494.0,1520.925048828125,38335358,0.0,0.0
2024-08-30,1534.0,1539.7249755859375,1503.324951171875,1509.625,41620730,0.0,0.0
2024-09-02,1510.875,1526.800048828125,1506.625,1516.25,11240852,0.0,0.0
2024-09-03,1521.25,1523.0,1507.5,1509.125,10923800,0.0,0.0
2024-09-04,1500.699951171875,1517.5,1499.5,1514.550048828125,11983304,0.0,0.0
2024-09-05,1519.050048828125,1525.7750244140625,1487.050048828125,1492.9749755859375,16264168,0.0,0.0
2024-09-06,1492.5,1497.0,1461.625,1464.824951171875,19394228,0.0,0.0
2024-09-09,1466.5,1469.925048828125,1455.5999755859375,1462.449951171875,9010298,0.0,0.0
2024-09-10,1460.5,1472.050048828125,1457.574951171875,1461.5250244140625,10768260,0.0,0.0
2024-09-11,1463.050048828125,1468.75,1447.550048828125,1451.5,9760202,0.0,0.0
2024-09-12,1457.0,1486.0,1445.875,1479.800048828125,22349376,0.0,0.0
2024-09-13,1476.4000244140625,1483.1500244140625,1469.5,1472.625,8711328,0.0,0.0
2024-09-16,1477.550048828125,1480.9000244140625,1464.75,1471.3499755859375,5481774,0.0,0.0
2024-09-17,1474.0,1477.4749755859375,1466.625,1472.300048828125,5935328,0.0,0.0
2024-09-18,1470.0,1482.0,1460.550048828125,1463.449951171875,8574714,0.0,0.0
2024-09-19,1466.25,1476.5,1455.550048828125,1469.675048828125,16955902,0.0,0.0
2024-09-20,1474.0,1495.0,1471.375,1485.925048828125,30897320,0.0,0.0
2024-09-23,1491.0,1501.5,1488.949951171875,1493.375,8832314,0.0,0.0
2024-09-24,1488.5,1500.5,1487.875,1489.375,17137444,0.0,0.0
2024-09-25,1483.9000244140625,1496.5,1480.199951171875,1493.949951171875,7069002,0.0,0.0
2024-09-26,1490.6500244140625,1504.0,1488.050048828125,1497.949951171875,18818998,0.0,0.0
2024-09-27,1499.0,1533.4749755859375,1492.0,1526.175048828125,20597478,0.0,0.0
2024-09-30,1519.4000244140625,1524.9749755859375,1474.4000244140625,1476.574951171875,27008814,0.0,0.0
2024-10-01,1480.6500244140625,1487.949951171875,1462.824951171875,1464.824951171875,16431642,0.0,0.0
2024-10-03,1436.574951171875,1449.4000244140625,1402.074951171875,1406.9749755859375,37757294,0.0,0.0
2024-10-04,1403.925048828125,1417.3499755859375,1381.7750244140625,1386.5250244140625,37072876,0.0,0.0
2024-10-07,1393.5,1396.5,1361.375,1370.7249755859375,22181340,0.0,0.0
2024-10-08,1372.9749755859375,1401.0,1365.0999755859375,1397.3499755859375,17020808,0.0,0.0
2024-10-09,1397.5250244140625,1400.9749755859375,1372.5,1374.5999755859375,14310610,0.0,0.0
2024-10-10,1380.0250244140625,1386.0,1369.425048828125,1371.050048828125,22358646,0.0,0.0
2024-10-11,1370.0,1383.2750244140625,1368.824951171875,1372.0999755859375,7980122,0.0,0.0
2024-10-14,1379.449951171875,1380.074951171875,1368.25,1372.5250244140625,12221432,0.0,0.0
2024-10-15,1358.5250244140625,1371.699951171875,1340.699951171875,1344.0250244140625,33762794,0.0,0.0
2024-10-16,1340.0,1364.0,1337.625,1354.074951171875,20034438,0.0,0.0
2024-10-17,1365.699951171875,1368.449951171875,1352.050048828125,1356.425048828125,15543660,0.0,0.0
2024-10-18,1352.175048828125,1368.425048828125,1341.324951171875,1359.300048828125,12082452,0.0,0.0
2024-10-21,1367.125,1374.0,1357.7249755859375,1369.199951171875,14067408,0.0,0.0
2024-10-22,1369.199951171875,1376.0,1340.2249755859375,1343.3499755859375,15831960,0.0,0.0
2024-10-23,1337.5,1357.4749755859375,1335.0,1338.5250244140625,17214742,0.0,0.0
2024-10-24,1335.2750244140625,1343.699951171875,1323.125,1339.800048828125,22155934,0.0,0.0
2024-10-25,1343.5,1344.3499755859375,1322.0,1327.8499755859375,18597496,0.0,0.0
2024-10-28,1337.0,1353.0,1322.0999755859375,1334.3499755859375,10824350,0.0,0.0
2024-10-29,1328.0999755859375,1343.199951171875,1320.300048828125,1340.0,12008361,0.0,0.0
2024-10-30,1335.0,1350.0,1325.3499755859375,1343.9000244140625,11984423,0.0,0.0
2024-10-31,1340.0,1343.0,1326.1500244140625,1332.050048828125,9331650,0.0,0.0
2024-11-01,1333.050048828125,1341.949951171875,1333.0,1338.6500244140625,2127335,0.0,0.0
2024-11-04,1337.8499755859375,1340.0,1285.0999755859375,1302.1500244140625,19796890,0.0,0.0
2024-11-05,1293.0,1309.550048828125,1286.1500244140625,1305.300048828125,16267479,0.0,0.0
2024-11-06,1310.0,1328.300048828125,1300.199951171875,1325.3499755859375,21625209,0.0,0.0
2024-11-07,1324.0,1324.0,1302.5999755859375,1305.6500244140625,9611974,0.0,0.0
2024-11-08,1297.6500244140625,1301.6500244140625,1275.0,1283.75,19814406,0.0,0.0
2024-11-11,1278.949951171875,1286.0,1267.0,1272.699951171875,9056552,0.0,0.0
2024-11-12,1275.550048828125,1289.300048828125,1267.5,1274.25,10671091,0.0,0.0
2024-11-13,1270.25,1275.449951171875,1249.5,1252.050048828125,14633633,0.0,0.0
2024-11-14,1253.5999755859375,1272.5999755859375,1251.0999755859375,1267.5999755859375,12612633,0.0,0.0
2024-11-18,1267.5999755859375,1272.9000244140625,1243.9000244140625,1260.75,13620611,0.0,0.0
2024-11-19,1260.75,1281.5,1235.1500244140625,1241.6500244140625,14183746,0.0,0.0
2024-11-21,1241.6500244140625,1243.949951171875,1217.25,1223.0,19433843,0.0,0.0
2024-11-22,1229.4000244140625,1268.8499755859375,1222.449951171875,1265.4000244140625,20471957,0.0,0.0
2024-11-25,1290.0,1304.449951171875,1282.449951171875,1287.0,28923341,0.0,0.0
2024-11-26,1294.949951171875,1297.8499755859375,1284.199951171875,1295.699951171875,9247557,0.0,0.0
2024-11-27,1293.5,1303.8499755859375,1286.0,1293.199951171875,9572746,0.0,0.0
2024-11-28,1289.949951171875,1296.5999755859375,1269.050048828125,1270.800048828125,15027412,0.0,0.0
2024-11-29,1280.0,1299.5,1275.25,1292.199951171875,13202307,0.0,0.0
2024-12-02,1288.0,1311.3499755859375,1277.050048828125,1309.1500244140625,11024152,0.0,0.0
2024-12-03,1317.0,1326.800048828125,1307.0,1323.300048828125,16869482,0.0,0.0
2024-12-04,1326.0,1328.4000244140625,1304.050048828125,1308.949951171875,19608540,0.0,0.0
2024-12-05,1314.3499755859375,1329.949951171875,1306.1500244140625,1322.050048828125,16858723,0.0,0.0
2024-12-06,1323.9000244140625,1323.9000244140625,1310.0,1311.550048828125,9037514,0.0,0.0
2024-12-09,1303.0,1315.0,1293.0999755859375,1295.1500244140625,14650002,0.0,0.0
2024-12-10,1289.25,1294.9000244140625,1280.199951171875,1284.8499755859375,16043729,0.0,0.0
2024-12-11,1285.0,1290.0,1276.050048828125,1278.199951171875,11724373,0.0,0.0
2024-12-12,1270.0,1278.199951171875,1260.5999755859375,1262.9000244140625,20906813,0.0,0.0
2024-12-13,1260.0,1275.199951171875,1239.5999755859375,1272.8499755859375,28630222,0.0,0.0
2024-12-16,1275.0,1281.0,1266.550048828125,1268.300048828125,9486781,0.0,0.0
2024-12-17,1261.050048828125,1263.9000244140625,1242.800048828125,1245.300048828125,17462791,0.0,0.0
2024-12-18,1240.6500244140625,1259.949951171875,1240.6500244140625,1253.25,12670179,0.0,0.0
2024-12-19,1239.0,1244.9000244140625,1229.0,1230.449951171875,14244653,0.0,0.0
2024-12-20,1224.0,1239.5,1201.5,1205.300048828125,20312896,0.0,0.0
2024-12-23,1215.0,1227.199951171875,1213.199951171875,1222.300048828125,10052824,0.0,0.0
2024-12-24,1222.300048828125,1233.550048828125,1221.0,1222.75,6734917,0.0,0.0
2024-12-26,1224.25,1227.699951171875,1214.25,1216.550048828125,10016178,0.0,0.0
2024-12-27,1218.300048828125,1227.9000244140625,1217.0,1221.050048828125,7000397,0.0,0.0
2024-12-30,1216.4000244140625,1223.199951171875,1208.0999755859375,1210.699951171875,8818766,0.0,0.0
2024-12-31,1208.0,1219.0999755859375,1206.1500244140625,1215.449951171875,6405475,0.0,0.0
2025-01-01,1214.8499755859375,1226.300048828125,1211.5999755859375,1221.25,5892590,0.0,0.0
2025-01-02,1221.25,1244.449951171875,1220.0,1241.800048828125,15486276,0.0,0.0
2025-01-03,1243.9000244140625,1262.050048828125,1235.5,1251.1500244140625,15521102,0.0,0.0
2025-01-06,1253.949951171875,1262.0,1215.0,1218.0,14816766,0.0,0.0
2025-01-07,1222.0,1244.5,1221.25,1240.8499755859375,10070505,0.0,0.0
2025-01-08,1249.0,1271.050048828125,1245.3499755859375,1265.5,19346579,0.0,0.0
2025-01-09,1267.0,1269.75,1248.050048828125,1254.75,12794704,0.0,0.0
2025-01-10,1253.8499755859375,1256.75,1236.0,1241.9000244140625,8120332,0.0,0.0
2025-01-13,1230.0,1245.25,1226.4000244140625,1239.8499755859375,13764861,0.0,0.0
2025-01-14,1244.0999755859375,1253.3499755859375,1227.25,1238.75,13095266,0.0,0.0
2025-01-15,1244.949951171875,1257.0,1241.8499755859375,1252.199951171875,9578856,0.0,0.0
2025-01-16,1258.9000244140625,1275.0,1251.300048828125,1266.449951171875,14117603,0.0,0.0
2025-01-17,1322.25,1326.0,1285.0,1302.3499755859375,29366277,0.0,0.0
2025-01-20,1316.0,1316.0,1300.25,1305.449951171875,14040244,0.0,0.0
2025-01-21,1310.5,1313.0,1270.199951171875,1273.699951171875,14562976,0.0,0.0
2025-01-22,1278.300048828125,1282.9000244140625,1268.699951171875,1277.0999755859375,10273590,0.0,0.0
2025-01-23,1270.0,1277.3499755859375,1261.5999755859375,1263.6500244140625,8720682,0.0,0.0
2025-01-24,1266.0,1273.0,1243.5,1246.300048828125,14235970,0.0,0.0
2025-01-27,1239.0999755859375,1240.449951171875,1220.0,1229.3499755859375,9536019,0.0,0.0
2025-01-28,1238.0,1244.75,1218.5,1234.4000244140625,10568025,0.0,0.0
2025-01-29,1236.0,1242.75,1228.050048828125,1235.5,5928156,0.0,0.0
2025-01-30,1235.550048828125,1257.0,1232.4000244140625,1253.050048828125,9269259,0.0,0.0
2025-01-31,1255.8499755859375,1267.0,1249.0,1265.0999755859375,6584612,0.0,0.0
2025-02-01,1265.0999755859375,1270.550048828125,1241.0,1264.5999755859375,7118453,0.0,0.0
2025-02-03,1251.0,1256.0,1237.550048828125,1245.9000244140625,9252345,0.0,0.0
2025-02-04,1248.050048828125,1288.800048828125,1246.5999755859375,1285.199951171875,16691069,0.0,0.0
2025-02-05,1282.6500244140625,1290.5,1276.699951171875,1278.199951171875,10112028,0.0,0.0
2025-02-06,1273.699951171875,1288.0,1270.3499755859375,1281.550048828125,9956001,0.0,0.0
2025-02-07,1276.1500244140625,1283.699951171875,1262.0,1266.699951171875,8764283,0.0,0.0
2025-02-10,1264.5,1266.5,1245.550048828125,1253.6500244140625,6970972,0.0,0.0
2025-02-11,1264.550048828125,1264.550048828125,1230.0999755859375,1234.8499755859375,8859714,0.0,0.0
2025-02-12,1219.449951171875,1226.9000244140625,1193.3499755859375,1216.550048828125,21131654,0.0,0.0
2025-02-13,1217.050048828125,1228.0,1212.0,1216.0999755859375,8511216,0.0,0.0
2025-02-14,1219.0,1224.0,1205.449951171875,1217.25,10298145,0.0,0.0
2025-02-17,1211.0999755859375,1227.5,1204.5,1224.9000244140625,8166683,0.0,0.0
2025-02-18,1224.8499755859375,1229.9000244140625,1216.0999755859375,1225.4000244140625,6673250,0.0,0.0
2025-02-19,1219.5,1232.75,1217.550048828125,1227.449951171875,6217338,0.0,0.0
2025-02-20,1223.949951171875,1239.3499755859375,1222.0,1233.0,7795582,0.0,0.0
2025-02-21,1228.699951171875,1240.0,1222.1500244140625,1228.1500244140625,6904025,0.0,0.0
2025-02-24,1216.550048828125,1223.25,1210.5,1214.550048828125,7172498,0.0,0.0
2025-02-25,1211.0,1221.0,1201.5,1204.0,11552182,0.0,0.0
2025-02-27,1212.800048828125,1215.0,1200.6500244140625,1207.0999755859375,11509215,0.0,0.0
2025-02-28,1202.0,1217.3499755859375,1193.300048828125,1200.0999755859375,23007298,0.0,0.0
2025-03-03,1204.0,1206.449951171875,1156.0,1171.25,17944938,0.0,0.0
2025-03-04,1162.199951171875,1174.0,1159.550048828125,1161.9000244140625,11377373,0.0,0.0
2025-03-05,1161.0,1183.0,1157.0,1175.5999755859375,8664095,0.0,0.0
2025-03-06,1197.0,1213.949951171875,1185.1500244140625,1209.5999755859375,14468014,0.0,0.0
2025-03-07,1216.0,1254.800048828125,1212.0,1249.800048828125,16474965,0.0,0.0
2025-03-10,1245.0,1258.0,1235.4000244140625,1238.4000244140625,11931051,0.0,0.0
2025-03-11,1240.0,1249.5,1229.75,1247.300048828125,10089838,0.0,0.0
2025-03-12,1258.0,1263.0,1244.0,1257.050048828125,11977555,0.0,0.0
2025-03-13,1260.050048828125,1264.1500244140625,1243.8499755859375,1247.9000244140625,9505270,0.0,0.0
2025-03-17,1242.1500244140625,1257.4000244140625,1233.0999755859375,1238.8499755859375,16640917,0.0,0.0
2025-03-18,1238.8499755859375,1238.8499755859375,1238.8499755859375,1238.8499755859375,0,0.0,0.0
2025-03-19,1241.050048828125,1253.25,1238.800048828125,1247.1500244140625,16162399,0.0,0.0
2025-03-20,1251.8499755859375,1273.0,1250.050048828125,1269.1500244140625,15971477,0.0,0.0
2025-03-21,1275.0,1281.0,1270.0999755859375,1276.3499755859375,21780769,0.0,0.0
2025-03-24,1291.0,1306.0,1284.25,1302.0999755859375,20299319,0.0,0.0
2025-03-25,1307.699951171875,1307.699951171875,1282.5999755859375,1285.449951171875,13713899,0.0,0.0
2025-03-26,1291.0,1293.800048828125,1268.75,1273.050048828125,12074747,0.0,0.0
2025-03-27,1278.1500244140625,1285.0,1271.300048828125,1278.199951171875,15028056,0.0,0.0
2025-03-28,1280.0,1295.75,1269.0,1275.0999755859375,18147129,0.0,0.0
2025-04-01,1264.5999755859375,1277.9000244140625,1249.300048828125,1252.5999755859375,12099648,0.0,0.0
2025-04-02,1247.550048828125,1255.550048828125,1243.9000244140625,1251.1500244140625,10142590,0.0,0.0
2025-04-03,1233.050048828125,1251.800048828125,1233.050048828125,1248.699951171875,7434366,0.0,0.0
2025-04-04,1241.0999755859375,1245.449951171875,1193.1500244140625,1204.699951171875,17908652,0.0,0.0
2025-04-07,1132.199951171875,1171.25,1114.8499755859375,1165.699951171875,22156106,0.0,0.0
2025-04-08,1172.0,1196.5999755859375,1163.300048828125,1182.199951171875,19555040,0.0,0.0
2025-04-09,1169.5,1189.800048828125,1168.0,1185.3499755859375,10223104,0.0,0.0
2025-04-11,1195.1500244140625,1222.6500244140625,1195.1500244140625,1218.949951171875,11224242,0.0,0.0
2025-04-15,1251.0,1251.0,1237.0999755859375,1240.0999755859375,13378535,0.0,0.0
2025-04-16,1234.0999755859375,1240.9000244140625,1229.0,1239.300048828125,8248464,0.0,0.0
2025-04-17,1240.199951171875,1280.199951171875,1227.5999755859375,1274.5,15398401,0.0,0.0
2025-04-21,1270.0,1300.9000244140625,1267.0,1295.5,10429964,0.0,0.0
2025-04-22,1300.0,1303.9000244140625,1286.300048828125,1291.199951171875,13051707,0.0,0.0
2025-04-23,1297.0,1306.0,1285.4000244140625,1300.0,10480888,0.0,0.0
2025-04-24,1292.4000244140625,1304.5,1290.300048828125,1301.5999755859375,10468940,0.0,0.0
2025-04-25,1303.5,1325.199951171875,1288.0999755859375,1300.4000244140625,14431012,0.0,0.0
2025-04-28,1340.0,1374.5999755859375,1320.199951171875,1368.800048828125,31104496,0.0,0.0
2025-04-29,1371.0,1410.9000244140625,1370.0,1399.699951171875,32538970,0.0,0.0
2025-04-30,1402.0,1412.4000244140625,1369.0,1405.0,25480745,0.0,0.0
2025-05-02,1414.0,1426.699951171875,1409.0999755859375,1419.800048828125,13007841,0.0,0.0
2025-05-05,1431.0,1439.5,1426.9000244140625,1431.300048828125,12685649,0.0,0.0
2025-05-06,1431.0,1432.0,1410.5999755859375,1420.9000244140625,14084117,0.0,0.0
2025-05-07,1420.9000244140625,1424.4000244140625,1402.699951171875,1406.0,13440169,0.0,0.0
2025-05-08,1404.0999755859375,1420.800048828125,1398.0,1407.0,16106175,0.0,0.0
2025-05-09,1385.5,1394.800048828125,1374.5,1377.199951171875,13668904,0.0,0.0
2025-05-12,1400.0,1439.0,1400.0,1436.5,10674081,0.0,0.0
2025-05-13,1433.5,1447.699951171875,1412.4000244140625,1415.699951171875,11407896,0.0,0.0
2025-05-14,1420.0,1429.9000244140625,1415.5,1424.4000244140625,5570160,0.0,0.0
2025-05-15,1425.0,1461.4000244140625,1412.699951171875,1454.199951171875,20177211,0.0,0.0
2025-05-16,1453.199951171875,1461.0,1447.300048828125,1456.4000244140625,9036695,0.0,0.0
2025-05-19,1452.0999755859375,1454.5999755859375,1438.199951171875,1440.800048828125,6195791,0.0,0.0
2025-05-20,1438.199951171875,1445.0,1421.800048828125,1424.5999755859375,11270560,0.0,0.0
2025-05-21,1423.9000244140625,1436.199951171875,1418.0999755859375,1429.199951171875,6136364,0.0,0.0
2025-05-22,1421.199951171875,1423.800048828125,1396.9000244140625,1409.4000244140625,12134466,0.0,0.0
2025-05-23,1406.5999755859375,1433.800048828125,1406.5999755859375,1426.800048828125,6474883,0.0,0.0
2025-05-26,1432.0,1441.0,1425.0999755859375,1434.800048828125,4842944,0.0,0.0
2025-05-27,1426.0999755859375,1437.0,1413.9000244140625,1422.0999755859375,12640414,0.0,0.0
2025-05-28,1420.0999755859375,1422.5999755859375,1410.699951171875,1412.9000244140625,5944611,0.0,0.0
2025-05-29,1412.0999755859375,1420.0,1408.5999755859375,1417.800048828125,13771917,0.0,0.0
2025-05-30,1418.0,1430.5999755859375,1409.699951171875,1420.9000244140625,13788484,0.0,0.0
2025-06-02,1412.0999755859375,1417.5,1395.5999755859375,1413.699951171875,8098668,0.0,0.0
2025-06-03,1422.300048828125,1426.5,1403.4000244140625,1405.5,11252626,0.0,0.0
2025-06-04,1414.699951171875,1425.699951171875,1406.0999755859375,1423.5,8126827,0.0,0.0
2025-06-05,1428.0,1454.699951171875,1423.5999755859375,1442.4000244140625,13716817,0.0,0.0
2025-06-06,1441.0,1451.5,1437.0,1443.5,8182161,0.0,0.0
2025-06-09,1457.0,1457.5,1445.300048828125,1448.800048828125,7885125,0.0,0.0
2025-06-10,1450.0,1453.9000244140625,1436.0,1438.5,7913181,0.0,0.0
2025-06-11,1445.800048828125,1468.5999755859375,1443.0999755859375,1448.9000244140625,8195700,0.0,0.0
2025-06-12,1453.5,1457.0,1434.4000244140625,1441.5999755859375,8828114,0.0,0.0
2025-06-13,1424.0,1435.5,1414.300048828125,1427.9000244140625,9757276,0.0,0.0
2025-06-16,1426.9000244140625,1442.4000244140625,1424.4000244140625,1437.800048828125,8458093,0.0,0.0
2025-06-17,1448.0,1448.0,1425.800048828125,1431.199951171875,10366599,0.0,0.0
2025-06-18,1430.0,1442.800048828125,1425.699951171875,1430.0999755859375,6681735,0.0,0.0
2025-06-19,1430.0999755859375,1439.9000244140625,1425.699951171875,1433.300048828125,10007230,0.0,0.0
2025-06-20,1431.0,1471.0,1428.0999755859375,1466.199951171875,29010635,0.0,0.0
2025-06-23,1453.0,1463.800048828125,1442.0,1456.800048828125,5989078,0.0,0.0
2025-06-24,1465.0,1475.0,1443.0999755859375,1450.800048828125,16402744,0.0,0.0
2025-06-25,1464.0,1472.4000244140625,1460.5,1467.300048828125,7525851,0.0,0.0
2025-06-26,1469.0999755859375,1498.800048828125,1465.0999755859375,1495.300048828125,14657893,0.0,0.0
2025-06-27,1499.4000244140625,1522.0,1496.9000244140625,1515.4000244140625,11117052,0.0,0.0
2025-06-30,1513.800048828125,1524.800048828125,1496.0,1500.5999755859375,8409527,0.0,0.0
2025-07-01,1500.5999755859375,1531.4000244140625,1500.0999755859375,1528.4000244140625,10368523,0.0,0.0
2025-07-02,1528.4000244140625,1530.0,1508.699951171875,1518.800048828125,6361002,0.0,0.0
2025-07-03,1520.800048828125,1531.9000244140625,1513.0,1517.800048828125,11283291,0.0,0.0
2025-07-04,1524.0,1530.0,1517.199951171875,1527.300048828125,6603501,0.0,0.0
